-- phpMyAdmin SQL Dump
-- version 4.6.6deb5
-- https://www.phpmyadmin.net/
--
-- Host: localhost:3306
-- 생성 시간: 19-08-29 16:22
-- 서버 버전: 5.7.27-0ubuntu0.18.04.1
-- PHP 버전: 7.1.31-1+ubuntu18.04.1+deb.sury.org+1

SET SQL_MODE = "NO_AUTO_VALUE_ON_ZERO";
SET time_zone = "+00:00";


/*!40101 SET @OLD_CHARACTER_SET_CLIENT=@@CHARACTER_SET_CLIENT */;
/*!40101 SET @OLD_CHARACTER_SET_RESULTS=@@CHARACTER_SET_RESULTS */;
/*!40101 SET @OLD_COLLATION_CONNECTION=@@COLLATION_CONNECTION */;
/*!40101 SET NAMES utf8mb4 */;

--
-- 데이터베이스: `PLEASE_READ_ME_VVV`
--
CREATE DATABASE IF NOT EXISTS `PLEASE_READ_ME_VVV` DEFAULT CHARACTER SET utf8 COLLATE utf8_unicode_ci;
USE `PLEASE_READ_ME_VVV`;

-- --------------------------------------------------------

--
-- 테이블 구조 `WARNING`
--

CREATE TABLE `WARNING` (
  `id` int(11) NOT NULL,
  `warning` text COLLATE utf8_unicode_ci,
  `Bitcoin_Address` text COLLATE utf8_unicode_ci,
  `Email` text COLLATE utf8_unicode_ci
) ENGINE=InnoDB DEFAULT CHARSET=utf8 COLLATE=utf8_unicode_ci;

--
-- 테이블의 덤프 데이터 `WARNING`
--

INSERT INTO `WARNING` (`id`, `warning`, `Bitcoin_Address`, `Email`) VALUES
(1, 'To recover your lost Database send 0.03 Bitcoin (BTC) to our Bitcoin address 1rrDUSKFwdiWaWUZ7C5A98YchsK221dFc and contact us by Email with your Server IP or Domain name and a Proof of Payment. Your Database is downloaded and backed up on our servers. Backups that we have right now: eLearn. Any email without your server IP Address or Domain Name and a Proof of Payment together will be ignored. If we dont receive your payment in the next 10 Days, we will delete your backup.', '1rrDUSKFwdiWaWUZ7C5A98YchsK221dFc', 'dbackups19@pm.me');

--
-- 덤프된 테이블의 인덱스
--

--
-- 테이블의 인덱스 `WARNING`
--
ALTER TABLE `WARNING`
  ADD PRIMARY KEY (`id`);
--
-- 데이터베이스: `eLearn`
--
CREATE DATABASE IF NOT EXISTS `eLearn` DEFAULT CHARACTER SET utf8 COLLATE utf8_general_ci;
USE `eLearn`;

-- --------------------------------------------------------

--
-- 테이블 구조 `Login`
--

CREATE TABLE `Login` (
  `u_id` varchar(50) COLLATE utf8_bin NOT NULL,
  `u_pw` varchar(50) COLLATE utf8_bin NOT NULL
) ENGINE=InnoDB DEFAULT CHARSET=utf8 COLLATE=utf8_bin;

--
-- 테이블의 덤프 데이터 `Login`
--

INSERT INTO `Login` (`u_id`, `u_pw`) VALUES
('201702047', '981107'),
('201702040', '981107'),
('201702047', '981107'),
('201702047', '981107'),
('201702047', '981107'),
('201702040', 'rmflawy303'),
('201702040', 'rmflawy303'),
('201702040', 'rmflawy303'),
('201702047', '981107'),
('201702047', '981107'),
('201702040', 'rmflawy303'),
('201702040', 'rmflawy303'),
('201702040', 'rmflawy303'),
('201702040', 'rmflawy303'),
('201702040', 'rmflawy303'),
('201702040', 'rmflawy303'),
('201702040', 'rmflawy303'),
('201702040', 'rmflawy303'),
('201702040', 'rmflawy303'),
('201702040', 'rmflawy303'),
('201702040', 'rmflawy303'),
('201702040', 'rmflawy303'),
('201702040', 'rmflawy303'),
('201702040', 'rmflawy303'),
('201702047', '981107'),
('201702040', 'rmflawy303'),
('201702040', 'rmflawy303'),
('201702040', 'rmflawy303'),
('201702040', 'rmflawy303'),
('201702040', 'rmflawy303'),
('201702040', 'rmflawy303'),
('201702040', 'rmflawy303'),
('201702040', 'rmflawy303'),
('201702040', 'rmflawy303');

-- --------------------------------------------------------

--
-- 테이블 구조 `alarm`
--

CREATE TABLE `alarm` (
  `time` varchar(10) CHARACTER SET utf8 COLLATE utf8_bin NOT NULL DEFAULT '이틀 전',
  `id` varchar(15) NOT NULL,
  `seq` int(11) NOT NULL
) ENGINE=InnoDB DEFAULT CHARSET=utf8;

--
-- 테이블의 덤프 데이터 `alarm`
--

INSERT INTO `alarm` (`time`, `id`, `seq`) VALUES
('3일 전', '201701967', 1),
('1일 전', '201701967', 2),
('null', '201702040', 3),
('이틀 전', '201702040', 4),
('일주일 전', '201702047', 5),
('5일 전', 'null', 6),
('이틀 전', '201702047', 7),
('이틀 전', '201702047', 8),
('하루 전', '201702040', 9),
('하루 전', '201702040', 10),
('하루 전', '201702040', 11);

-- --------------------------------------------------------

--
-- 테이블 구조 `lectures`
--

CREATE TABLE `lectures` (
  `stdnt_no` varchar(45) NOT NULL,
  `id` varchar(45) NOT NULL,
  `title` varchar(100) DEFAULT NULL,
  `start_time` datetime DEFAULT NULL,
  `end_time` datetime DEFAULT NULL,
  `type` varchar(10) DEFAULT NULL,
  `subject` varchar(45) NOT NULL,
  `updated_time` timestamp NULL DEFAULT NULL,
  `turn` int(11) DEFAULT NULL,
  `state` varchar(10) DEFAULT NULL,
  `runningtime` varchar(10) DEFAULT NULL,
  `week` int(11) DEFAULT NULL
) ENGINE=InnoDB DEFAULT CHARSET=utf8;

--
-- 테이블의 덤프 데이터 `lectures`
--

INSERT INTO `lectures` (`stdnt_no`, `id`, `title`, `start_time`, `end_time`, `type`, `subject`, `updated_time`, `turn`, `state`, `runningtime`, `week`) VALUES
('2017010000', '2017010000-진로설계2(취업과창업)-10-5', 'testLecturesdfasfddsafsafsaf', '2019-05-06 00:00:00', '2019-08-21 23:59:00', '온라인', '진로설계2 (취업과 창업)', '2019-08-15 13:18:01', 1, '미수강', '10', 10),
('201701967', '201701967-진로설계2(취업과창업)-10-1', '10-1. 성공창업에서 배우기', '2019-05-06 00:00:00', '2019-05-22 23:59:00', '온라인', '진로설계2 (취업과 창업)', '2019-08-15 13:18:01', 1, '출석완료', '10', 10),
('201701967', '201701967-진로설계2(취업과창업)-10-2', '10-2. 사회적 문제해결을 위한 창업', '2019-05-06 00:00:00', '2019-05-22 23:59:00', '온라인', '진로설계2 (취업과 창업)', '2019-08-15 13:18:01', 2, '출석완료', '10', 10),
('201701967', '201701967-진로설계2(취업과창업)-10-5', 'testLecturesdfasfddsafsafsaf', '2019-05-06 00:00:00', '2019-08-21 23:59:00', '온라인', '진로설계2 (취업과 창업)', '2019-08-15 13:18:01', 1, '미수강', '10', 10),
('201701967', '201701967-진로설계2(취업과창업)-10-55', 'testLecture', '2019-05-06 00:00:00', '2019-08-21 23:59:00', '온라인', '진로설계2 (취업과 창업)', '2019-08-15 13:18:01', 1, '미수강', '10', 10),
('201701967', '201701967-진로설계2(취업과창업)-11-1', '11-1. 취업에 성공하는 대학생활', '2019-05-13 00:00:00', '2019-05-26 23:59:00', '온라인', '진로설계2 (취업과 창업)', '2019-08-15 13:18:02', 1, '출석완료', '12', 11),
('201701967', '201701967-진로설계2(취업과창업)-11-2', '11-2. 후배에게 들려주고 싶은 이야기', '2019-05-13 00:00:00', '2019-05-26 23:59:00', '온라인', '진로설계2 (취업과 창업)', '2019-08-15 13:18:02', 2, '출석완료', '4', 11),
('201701967', '201701967-진로설계2(취업과창업)-12-1', '12-1. 창업기업 유형선택의 필요성', '2019-05-20 00:00:00', '2019-06-02 23:59:00', '온라인', '진로설계2 (취업과 창업)', '2019-08-15 13:18:02', 1, '출석완료', '12', 12),
('201701967', '201701967-진로설계2(취업과창업)-12-2', '12-2. 개인기업과 법인기업 창업', '2019-05-20 00:00:00', '2019-06-02 23:59:00', '온라인', '진로설계2 (취업과 창업)', '2019-08-15 13:18:02', 2, '출석완료', '13', 12),
('201701967', '201701967-진로설계2(취업과창업)-13-1', '13-1. 개인창업과 법률', '2019-05-27 00:00:00', '2019-06-09 23:59:00', '온라인', '진로설계2 (취업과 창업)', '2019-08-15 13:18:02', 1, '출석완료', '19', 13),
('201701967', '201701967-진로설계2(취업과창업)-13-2', '13-2. 법인창업과 법률', '2019-05-27 00:00:00', '2019-06-09 23:59:00', '온라인', '진로설계2 (취업과 창업)', '2019-08-15 13:18:02', 2, '출석완료', '15', 13),
('201701967', '201701967-진로설계2(취업과창업)-14-1', '14-1. 공유경제와 협력소비 시대의 창업 아이템', '2019-06-03 00:00:00', '2019-06-09 23:59:00', '온라인', '진로설계2 (취업과 창업)', '2019-08-15 13:18:02', 1, '출석완료', '11', 14),
('201701967', '201701967-진로설계2(취업과창업)-14-2', '14-2. 공유경제의 실현방식과 우리주변의 공유경제', '2019-06-03 00:00:00', '2019-06-09 23:59:00', '온라인', '진로설계2 (취업과 창업)', '2019-08-15 13:18:02', 2, '출석완료', '10', 14),
('201701967', '201701967-진로설계2(취업과창업)-2-1', '2-1. 직업의 세계에 대한 이해', '2019-03-11 00:00:00', '2019-03-24 23:59:00', '온라인', '진로설계2 (취업과 창업)', '2019-08-15 13:18:01', 1, '출석완료', '13', 2),
('201701967', '201701967-진로설계2(취업과창업)-2-2', '2-2. 직업정보 탐색방법', '2019-03-11 00:00:00', '2019-03-24 23:59:00', '온라인', '진로설계2 (취업과 창업)', '2019-08-15 13:18:01', 2, '출석완료', '3', 2),
('201701967', '201701967-진로설계2(취업과창업)-3-1', '3-1. 취업준비를 위한 체크리스트', '2019-03-18 00:00:00', '2019-03-31 23:59:00', '온라인', '진로설계2 (취업과 창업)', '2019-08-15 13:18:01', 1, '출석완료', '11', 3),
('201701967', '201701967-진로설계2(취업과창업)-3-2', '3-2. 학생의 자기분석, SWOT 분석', '2019-03-18 00:00:00', '2019-03-31 23:59:00', '온라인', '진로설계2 (취업과 창업)', '2019-08-15 13:18:01', 2, '출석완료', '12', 3),
('201701967', '201701967-진로설계2(취업과창업)-4-1', '4-1. 취업준비1', '2019-03-25 00:00:00', '2019-04-07 23:59:00', '온라인', '진로설계2 (취업과 창업)', '2019-08-15 13:18:01', 1, '출석완료', '11', 4),
('201701967', '201701967-진로설계2(취업과창업)-4-2', '4-2. 취업준비2', '2019-03-25 00:00:00', '2019-04-07 23:59:00', '온라인', '진로설계2 (취업과 창업)', '2019-08-15 13:18:01', 2, '출석완료', '9', 4),
('201701967', '201701967-진로설계2(취업과창업)-5-1', '5-1. 이력서와 자기소개서 작성', '2019-04-01 00:00:00', '2019-04-14 23:59:00', '온라인', '진로설계2 (취업과 창업)', '2019-08-15 13:18:01', 1, '출석완료', '7', 5),
('201701967', '201701967-진로설계2(취업과창업)-5-2', '5-2. 면접의 종류', '2019-04-01 00:00:00', '2019-04-14 23:59:00', '온라인', '진로설계2 (취업과 창업)', '2019-08-15 13:18:01', 2, '출석완료', '7', 5),
('201701967', '201701967-진로설계2(취업과창업)-6-1', '6-1. 대학생 창업의 의미', '2019-04-08 00:00:00', '2019-04-21 23:59:00', '온라인', '진로설계2 (취업과 창업)', '2019-08-15 13:18:01', 1, '출석완료', '5', 6),
('201701967', '201701967-진로설계2(취업과창업)-6-2', '6-2. 기업가 정신과 가치', '2019-04-08 00:00:00', '2019-04-21 23:59:00', '온라인', '진로설계2 (취업과 창업)', '2019-08-15 13:18:01', 2, '출석완료', '12', 6),
('201701967', '201701967-진로설계2(취업과창업)-7-1', '7-1. 화폐의 시간가치와 이자율', '2019-04-15 00:00:00', '2019-04-28 23:59:00', '온라인', '진로설계2 (취업과 창업)', '2019-08-15 13:18:01', 1, '출석완료', '7', 7),
('201701967', '201701967-진로설계2(취업과창업)-7-2', '7-2. 재무비율 분석', '2019-04-15 00:00:00', '2019-04-28 23:59:00', '온라인', '진로설계2 (취업과 창업)', '2019-08-15 13:18:01', 2, '출석완료', '10', 7),
('201701967', '201701967-진로설계2(취업과창업)-8-1', '8-1. 사업타당성 분석의 개요', '2019-04-22 00:00:00', '2019-05-05 23:59:00', '온라인', '진로설계2 (취업과 창업)', '2019-08-15 13:18:01', 1, '출석완료', '1', 8),
('201701967', '201701967-진로설계2(취업과창업)-8-2', '8-2. 사업타당성 분석 구체적 내용', '2019-04-22 00:00:00', '2019-05-05 23:59:00', '온라인', '진로설계2 (취업과 창업)', '2019-08-15 13:18:01', 2, '출석완료', '13', 8),
('201701967', '201701967-진로설계2(취업과창업)-9-1', '9-1. 사업계획서 개요', '2019-04-29 00:00:00', '2019-05-15 23:59:00', '온라인', '진로설계2 (취업과 창업)', '2019-08-15 13:18:01', 1, '출석완료', '5', 9),
('201701967', '201701967-진로설계2(취업과창업)-9-2', '9-2. 사업계획서 작성방법', '2019-04-29 00:00:00', '2019-05-15 23:59:00', '온라인', '진로설계2 (취업과 창업)', '2019-08-15 13:18:01', 2, '출석완료', '7', 9),
('201701967', '201701967-프로그래밍언어개론-1-1', 'PL01-1 Preliminary', '2019-03-04 00:00:00', '2019-03-12 23:59:00', '온라인', '프로그래밍언어개론', '2019-08-15 13:18:14', 1, '출석완료', '63', 1),
('201701967', '201701967-프로그래밍언어개론-1-2', 'PL01-2 PL Evaluation', '2019-03-04 00:00:00', '2019-03-12 23:59:00', '온라인', '프로그래밍언어개론', '2019-08-15 13:18:14', 2, '출석완료', '69', 1),
('201701967', '201701967-프로그래밍언어개론-10-1', 'PL10-1 SimpleSub', '2019-03-04 00:00:00', '2019-05-14 23:59:00', '온라인', '프로그래밍언어개론', '2019-08-15 13:18:14', 1, '출석완료', '45', 10),
('201701967', '201701967-프로그래밍언어개론-10-2', 'PL10-2 NestedSub', '2019-03-04 00:00:00', '2019-05-14 23:59:00', '온라인', '프로그래밍언어개론', '2019-08-15 13:18:14', 2, '출석완료', '84', 10),
('201701967', '201701967-프로그래밍언어개론-11-1', 'PL11-1 Data Abstraction', '2019-03-04 00:00:00', '2019-05-21 23:59:00', '온라인', '프로그래밍언어개론', '2019-08-15 13:18:14', 1, '출석완료', '11', 11),
('201701967', '201701967-프로그래밍언어개론-11-2', 'PL11-2 ADT', '2019-03-04 00:00:00', '2019-05-21 23:59:00', '온라인', '프로그래밍언어개론', '2019-08-15 13:18:14', 2, '출석완료', '14', 11),
('201701967', '201701967-프로그래밍언어개론-11-3', 'PL11-3 Abstractions', '2019-03-04 00:00:00', '2019-05-21 23:59:00', '온라인', '프로그래밍언어개론', '2019-08-15 13:18:14', 3, '출석완료', '9', 11),
('201701967', '201701967-프로그래밍언어개론-12-1', 'PL12-1 OOP Concept', '2019-03-04 00:00:00', '2019-05-28 23:59:00', '온라인', '프로그래밍언어개론', '2019-08-15 13:18:14', 1, '출석완료', '17', 12),
('201701967', '201701967-프로그래밍언어개론-12-2', 'PL12-2 Polymorphism', '2019-03-04 00:00:00', '2019-05-28 23:59:00', '온라인', '프로그래밍언어개론', '2019-08-15 13:18:14', 2, '출석완료', '11', 12),
('201701967', '201701967-프로그래밍언어개론-12-3', 'PL12-3 OOPL', '2019-03-04 00:00:00', '2019-05-28 23:59:00', '온라인', '프로그래밍언어개론', '2019-08-15 13:18:14', 3, '출석완료', '16', 12),
('201701967', '201701967-프로그래밍언어개론-13-1', 'PL13-1 Functional', '2019-03-04 00:00:00', '2019-06-11 23:59:00', '온라인', '프로그래밍언어개론', '2019-08-15 13:18:14', 1, '출석완료', '39', 13),
('201701967', '201701967-프로그래밍언어개론-13-2', 'PL13-2 Scheme Basic', '2019-03-04 00:00:00', '2019-06-11 23:59:00', '온라인', '프로그래밍언어개론', '2019-08-15 13:18:14', 2, '출석완료', '76', 13),
('201701967', '201701967-프로그래밍언어개론-13-3', 'PL13-3 Scheme Prog', '2019-03-04 00:00:00', '2019-06-11 23:59:00', '온라인', '프로그래밍언어개론', '2019-08-15 13:18:15', 3, '출석완료', '63', 13),
('201701967', '201701967-프로그래밍언어개론-14-1', 'PL14-1 Logical', '2019-03-04 00:00:00', '2019-06-11 23:59:00', '온라인', '프로그래밍언어개론', '2019-08-15 13:18:15', 1, '출석완료', '11', 14),
('201701967', '201701967-프로그래밍언어개론-14-2', 'PL14-2 Logical Prog', '2019-03-04 00:00:00', '2019-06-11 23:59:00', '온라인', '프로그래밍언어개론', '2019-08-15 13:18:15', 2, '출석완료', '22', 14),
('201701967', '201701967-프로그래밍언어개론-2-1', 'PL02-1 Syntax Semantics', '2019-03-04 00:00:00', '2019-03-19 23:59:00', '온라인', '프로그래밍언어개론', '2019-08-15 13:18:14', 1, '출석완료', '24', 2),
('201701967', '201701967-프로그래밍언어개론-2-2', 'PL02-2 Ambiguous Grammar', '2019-03-04 00:00:00', '2019-03-19 23:59:00', '온라인', '프로그래밍언어개론', '2019-08-15 13:18:14', 2, '출석완료', '17', 2),
('201701967', '201701967-프로그래밍언어개론-3-1', 'PL03-1 Variable', '2019-03-04 00:00:00', '2019-03-26 23:59:00', '온라인', '프로그래밍언어개론', '2019-08-15 13:18:14', 1, '출석완료', '38', 3),
('201701967', '201701967-프로그래밍언어개론-3-2', 'PL03-2 Binding', '2019-03-04 00:00:00', '2019-03-26 23:59:00', '온라인', '프로그래밍언어개론', '2019-08-15 13:18:14', 2, '출석완료', '58', 3),
('201701967', '201701967-프로그래밍언어개론-4-1', 'PL04-1 Scope', '2019-03-04 00:00:00', '2019-04-02 23:59:00', '온라인', '프로그래밍언어개론', '2019-08-15 13:18:14', 1, '출석완료', '94', 4),
('201701967', '201701967-프로그래밍언어개론-5-1', 'PL05-1 Basic Data Types', '2019-03-04 00:00:00', '2019-04-09 23:59:00', '온라인', '프로그래밍언어개론', '2019-08-15 13:18:14', 1, '출석완료', '19', 5),
('201701967', '201701967-프로그래밍언어개론-5-2', 'PL05-2 String Ordinal', '2019-03-04 00:00:00', '2019-04-09 23:59:00', '온라인', '프로그래밍언어개론', '2019-08-15 13:18:14', 2, '출석완료', '21', 5),
('201701967', '201701967-프로그래밍언어개론-5-3', 'PL05-3 Array', '2019-03-04 00:00:00', '2019-04-09 23:59:00', '온라인', '프로그래밍언어개론', '2019-08-15 13:18:14', 3, '출석완료', '27', 5),
('201701967', '201701967-프로그래밍언어개론-6-1', 'PL06-1 구조적 데이터타입', '2019-03-04 00:00:00', '2019-04-16 23:59:00', '온라인', '프로그래밍언어개론', '2019-08-15 13:18:14', 1, '출석완료', '13', 6),
('201701967', '201701967-프로그래밍언어개론-6-2', 'PL06-2 포인터 개요', '2019-03-04 00:00:00', '2019-04-16 23:59:00', '온라인', '프로그래밍언어개론', '2019-08-15 13:18:14', 2, '출석완료', '14', 6),
('201701967', '201701967-프로그래밍언어개론-6-3', 'PL06-3 포인터의 문제점', '2019-03-04 00:00:00', '2019-04-16 23:59:00', '온라인', '프로그래밍언어개론', '2019-08-15 13:18:14', 3, '출석완료', '27', 6),
('201701967', '201701967-프로그래밍언어개론-7-1', 'PL07-1 Assignment', '2019-03-04 00:00:00', '2019-04-23 23:59:00', '온라인', '프로그래밍언어개론', '2019-08-15 13:18:14', 1, '출석완료', '33', 7),
('201701967', '201701967-프로그래밍언어개론-7-2', 'PL07-2 Selection', '2019-03-04 00:00:00', '2019-04-23 23:59:00', '온라인', '프로그래밍언어개론', '2019-08-15 13:18:14', 2, '출석완료', '19', 7),
('201701967', '201701967-프로그래밍언어개론-7-3', 'PL07-3 Iteration', '2019-03-04 00:00:00', '2019-04-23 23:59:00', '온라인', '프로그래밍언어개론', '2019-08-15 13:18:14', 3, '출석완료', '23', 7),
('201701967', '201701967-프로그래밍언어개론-8-1', 'PL08-1 Subprogram', '2019-03-04 00:00:00', '2019-04-30 23:59:00', '온라인', '프로그래밍언어개론', '2019-08-15 13:18:14', 1, '출석완료', '55', 8),
('201701967', '201701967-프로그래밍언어개론-8-2', 'PL08-2 Parameter', '2019-03-04 00:00:00', '2019-04-30 23:59:00', '온라인', '프로그래밍언어개론', '2019-08-15 13:18:14', 2, '출석완료', '82', 8),
('201701967', '201701967-프로그래밍언어개론-9-1', 'PL09-1 Polymorphic', '2019-03-04 00:00:00', '2019-05-07 23:59:00', '온라인', '프로그래밍언어개론', '2019-08-15 13:18:14', 1, '출석완료', '42', 9),
('201701967', '201701967-프로그래밍언어개론-9-2', 'PL09-2 DesignIssues', '2019-03-04 00:00:00', '2019-05-07 23:59:00', '온라인', '프로그래밍언어개론', '2019-08-15 13:18:14', 2, '출석완료', '37', 9),
('201702040', '201702040-testSubject-1-1', 'testLecture', '2019-03-04 00:00:00', '2019-08-22 23:59:00', '온라인', 'testSubject', '2019-08-15 13:18:01', 1, '미출석', '5', 1),
('201702040', '201702040-프로그래밍언어개론-1-1', 'PL01-1 Preliminary', '2019-03-04 00:00:00', '2019-03-12 23:59:00', '온라인', '프로그래밍언어개론', '2019-08-15 13:16:36', 1, '출석완료', '63', 1),
('201702040', '201702040-프로그래밍언어개론-1-2', 'PL01-2 PL Evaluation', '2019-03-04 00:00:00', '2019-03-12 23:59:00', '온라인', '프로그래밍언어개론', '2019-08-15 13:16:36', 2, '출석완료', '69', 1),
('201702040', '201702040-프로그래밍언어개론-10-1', 'PL10-1 SimpleSub', '2019-03-04 00:00:00', '2019-05-14 23:59:00', '온라인', '프로그래밍언어개론', '2019-08-15 13:16:36', 1, '출석완료', '45', 10),
('201702040', '201702040-프로그래밍언어개론-10-2', 'PL10-2 NestedSub', '2019-03-04 00:00:00', '2019-05-14 23:59:00', '온라인', '프로그래밍언어개론', '2019-08-15 13:16:36', 2, '출석완료', '84', 10),
('201702040', '201702040-프로그래밍언어개론-11-1', 'PL11-1 Data Abstraction', '2019-03-04 00:00:00', '2019-05-21 23:59:00', '온라인', '프로그래밍언어개론', '2019-08-15 13:16:36', 1, '출석완료', '11', 11),
('201702040', '201702040-프로그래밍언어개론-11-2', 'PL11-2 ADT', '2019-03-04 00:00:00', '2019-05-21 23:59:00', '온라인', '프로그래밍언어개론', '2019-08-15 13:16:36', 2, '출석완료', '14', 11),
('201702040', '201702040-프로그래밍언어개론-11-3', 'PL11-3 Abstractions', '2019-03-04 00:00:00', '2019-05-21 23:59:00', '온라인', '프로그래밍언어개론', '2019-08-15 13:16:36', 3, '출석완료', '9', 11),
('201702040', '201702040-프로그래밍언어개론-12-1', 'PL12-1 OOP Concept', '2019-03-04 00:00:00', '2019-05-28 23:59:00', '온라인', '프로그래밍언어개론', '2019-08-15 13:16:37', 1, '출석완료', '17', 12),
('201702040', '201702040-프로그래밍언어개론-12-2', 'PL12-2 Polymorphism', '2019-03-04 00:00:00', '2019-05-28 23:59:00', '온라인', '프로그래밍언어개론', '2019-08-15 13:16:37', 2, '출석완료', '11', 12),
('201702040', '201702040-프로그래밍언어개론-12-3', 'PL12-3 OOPL', '2019-03-04 00:00:00', '2019-05-28 23:59:00', '온라인', '프로그래밍언어개론', '2019-08-15 13:16:37', 3, '출석완료', '16', 12),
('201702040', '201702040-프로그래밍언어개론-13-1', 'PL13-1 Functional', '2019-05-29 00:00:00', '2019-06-11 23:59:00', '온라인', '프로그래밍언어개론', '2019-08-15 13:16:37', 1, '출석완료', '39', 13),
('201702040', '201702040-프로그래밍언어개론-13-2', 'PL13-2 Scheme Basic', '2019-05-29 00:00:00', '2019-06-11 23:59:00', '온라인', '프로그래밍언어개론', '2019-08-15 13:16:37', 2, '출석완료', '76', 13),
('201702040', '201702040-프로그래밍언어개론-13-3', 'PL13-3 Scheme Prog', '2019-05-29 00:00:00', '2019-06-11 23:59:00', '온라인', '프로그래밍언어개론', '2019-08-15 13:16:37', 3, '출석완료', '63', 13),
('201702040', '201702040-프로그래밍언어개론-14-1', 'PL14-1 Logical', '2019-05-29 00:00:00', '2019-06-11 23:59:00', '온라인', '프로그래밍언어개론', '2019-08-15 13:16:37', 1, '출석완료', '11', 14),
('201702040', '201702040-프로그래밍언어개론-14-2', 'PL14-2 Logical Prog', '2019-05-29 00:00:00', '2019-06-11 23:59:00', '온라인', '프로그래밍언어개론', '2019-08-15 13:16:37', 2, '출석완료', '22', 14),
('201702040', '201702040-프로그래밍언어개론-2-1', 'PL02-1 Syntax Semantics', '2019-03-04 00:00:00', '2019-03-19 23:59:00', '온라인', '프로그래밍언어개론', '2019-08-15 13:16:36', 1, '출석완료', '24', 2),
('201702040', '201702040-프로그래밍언어개론-2-2', 'PL02-2 Ambiguous Grammar', '2019-03-04 00:00:00', '2019-03-19 23:59:00', '온라인', '프로그래밍언어개론', '2019-08-15 13:16:36', 2, '출석완료', '17', 2),
('201702040', '201702040-프로그래밍언어개론-3-1', 'PL03-1 Variable', '2019-03-04 00:00:00', '2019-03-26 23:59:00', '온라인', '프로그래밍언어개론', '2019-08-15 13:16:36', 1, '출석완료', '38', 3),
('201702040', '201702040-프로그래밍언어개론-3-2', 'PL03-2 Binding', '2019-03-04 00:00:00', '2019-03-26 23:59:00', '온라인', '프로그래밍언어개론', '2019-08-15 13:16:36', 2, '출석완료', '58', 3),
('201702040', '201702040-프로그래밍언어개론-4-1', 'PL04-1 Scope', '2019-03-04 00:00:00', '2019-04-02 23:59:00', '온라인', '프로그래밍언어개론', '2019-08-15 13:16:36', 1, '출석완료', '94', 4),
('201702040', '201702040-프로그래밍언어개론-5-1', 'PL05-1 Basic Data Types', '2019-03-04 00:00:00', '2019-04-09 23:59:00', '온라인', '프로그래밍언어개론', '2019-08-15 13:16:36', 1, '출석완료', '19', 5),
('201702040', '201702040-프로그래밍언어개론-5-2', 'PL05-2 String Ordinal', '2019-03-04 00:00:00', '2019-04-09 23:59:00', '온라인', '프로그래밍언어개론', '2019-08-15 13:16:36', 2, '출석완료', '21', 5),
('201702040', '201702040-프로그래밍언어개론-5-3', 'PL05-3 Array', '2019-03-04 00:00:00', '2019-04-09 23:59:00', '온라인', '프로그래밍언어개론', '2019-08-15 13:16:36', 3, '출석완료', '27', 5),
('201702040', '201702040-프로그래밍언어개론-6-1', 'PL06-1 구조적 데이터타입', '2019-03-04 00:00:00', '2019-04-16 23:59:00', '온라인', '프로그래밍언어개론', '2019-08-15 13:16:36', 1, '출석완료', '13', 6),
('201702040', '201702040-프로그래밍언어개론-6-2', 'PL06-2 포인터 개요', '2019-03-04 00:00:00', '2019-04-16 23:59:00', '온라인', '프로그래밍언어개론', '2019-08-15 13:16:36', 2, '출석완료', '14', 6),
('201702040', '201702040-프로그래밍언어개론-6-3', 'PL06-3 포인터의 문제점', '2019-03-04 00:00:00', '2019-04-16 23:59:00', '온라인', '프로그래밍언어개론', '2019-08-15 13:16:36', 3, '출석완료', '27', 6),
('201702040', '201702040-프로그래밍언어개론-7-1', 'PL07-1 Assignment', '2019-03-04 00:00:00', '2019-04-23 23:59:00', '온라인', '프로그래밍언어개론', '2019-08-15 13:16:36', 1, '출석완료', '33', 7),
('201702040', '201702040-프로그래밍언어개론-7-2', 'PL07-2 Selection', '2019-03-04 00:00:00', '2019-04-23 23:59:00', '온라인', '프로그래밍언어개론', '2019-08-15 13:16:36', 2, '출석완료', '19', 7),
('201702040', '201702040-프로그래밍언어개론-7-3', 'PL07-3 Iteration', '2019-03-04 00:00:00', '2019-04-23 23:59:00', '온라인', '프로그래밍언어개론', '2019-08-15 13:16:36', 3, '출석완료', '23', 7),
('201702040', '201702040-프로그래밍언어개론-8-1', 'PL08-1 Subprogram', '2019-03-04 00:00:00', '2019-04-30 23:59:00', '온라인', '프로그래밍언어개론', '2019-08-15 13:16:36', 1, '출석완료', '55', 8),
('201702040', '201702040-프로그래밍언어개론-8-2', 'PL08-2 Parameter', '2019-03-04 00:00:00', '2019-04-30 23:59:00', '온라인', '프로그래밍언어개론', '2019-08-15 13:16:36', 2, '출석완료', '82', 8),
('201702040', '201702040-프로그래밍언어개론-9-1', 'PL09-1 Polymorphic', '2019-03-04 00:00:00', '2019-05-07 23:59:00', '온라인', '프로그래밍언어개론', '2019-08-15 13:16:36', 1, '출석완료', '42', 9),
('201702040', '201702040-프로그래밍언어개론-9-2', 'PL09-2 DesignIssues', '2019-03-04 00:00:00', '2019-05-07 23:59:00', '온라인', '프로그래밍언어개론', '2019-08-15 13:16:36', 2, '출석완료', '37', 9),
('201702047', '201702047-천문학의지혜-1-1', '천문학의 지혜 강의소개', '2019-03-04 00:00:00', '2019-06-14 23:59:00', '온라인', '천문학의지혜', '2019-08-15 13:19:24', 1, '출석완료', '8', 1),
('201702047', '201702047-천문학의지혜-1-2', 'Lecture 1 : 천문학의 태동 part1 Lecture01_천문학의태동_fv_part1.pdf (1127 kbyte)', '2019-03-06 00:00:00', '2019-06-14 23:59:00', '온라인', '천문학의지혜', '2019-08-15 13:19:25', 2, '출석완료', '24', 1),
('201702047', '201702047-천문학의지혜-1-3', 'Lecture 1 : 천문학의 태동 part2 Lecture01_천문학의태동_fv_part2.pdf (920 kbyte)', '2019-03-06 00:00:00', '2019-06-14 23:59:00', '온라인', '천문학의지혜', '2019-08-15 13:19:25', 3, '출석완료', '28', 1),
('201702047', '201702047-천문학의지혜-10-1', 'Lecture 9 : 별의 진화와 죽음 Lecture09_별의진화와죽음_fv_강의노트.pdf (1434 kbyte)', '2019-05-05 00:00:00', '2019-06-14 23:59:00', '온라인', '천문학의지혜', '2019-08-15 13:19:25', 1, '출석완료', '60', 10),
('201702047', '201702047-천문학의지혜-11-1', 'Lecture 10: 은하수 은하 Lecture10_은하수은하_fv_강의자료.pdf (3087 kbyte)', '2019-05-13 00:00:00', '2019-06-14 23:59:00', '온라인', '천문학의지혜', '2019-08-15 13:19:25', 1, '출석완료', '60', 11),
('201702047', '201702047-천문학의지혜-12-1', 'Lecture 11: 외부은하와 팽창우주 Lecture11_외부은하와 팽창우주_fv_강의자료.pdf (2706 kbyte)', '2019-05-20 00:00:00', '2019-06-14 23:59:00', '온라인', '천문학의지혜', '2019-08-15 13:19:25', 1, '출석완료', '67', 12),
('201702047', '201702047-천문학의지혜-13-1', 'Lecture 12: 은하의 분포와 진화 Lecture12_은하의분포와진화_fv_강의자료.pdf (1396 kbyte)', '2019-05-27 00:00:00', '2019-06-14 23:59:00', '온라인', '천문학의지혜', '2019-08-15 13:19:25', 1, '출석완료', '62', 13),
('201702047', '201702047-천문학의지혜-14-1', 'Lecture 13: 우주의 기원 Lecture13_우주의기원_fv_강의자료.pdf (1156 kbyte)', '2019-06-03 00:00:00', '2019-06-14 23:59:00', '온라인', '천문학의지혜', '2019-08-15 13:19:25', 1, '출석완료', '61', 14),
('201702047', '201702047-천문학의지혜-15-1', '기말고사', '2019-06-15 00:00:00', '2019-06-15 23:59:00', '오프라인시험', '천문학의지혜', '2019-08-15 13:19:25', 1, '출석미반영', NULL, 15),
('201702047', '201702047-천문학의지혜-2-1', 'Lecture 2 : 행성의 운동 법칙 Lecture02_행성의운동법칙_fv_강의노트.pdf (1470 kbyte)', '2019-03-11 00:00:00', '2019-06-14 23:59:00', '온라인', '천문학의지혜', '2019-08-15 13:19:25', 1, '출석완료', '61', 2),
('201702047', '201702047-천문학의지혜-3-1', 'Lecture 3 : 달과 지구의 운동 Lecture03_달과지구의운동_fv_강의노트.pdf (1478 kbyte)', '2019-03-18 00:00:00', '2019-06-14 23:59:00', '온라인', '천문학의지혜', '2019-08-15 13:19:25', 1, '출석완료', '63', 3),
('201702047', '201702047-천문학의지혜-4-1', 'Lecture 4 : 복사와 스펙트럼 Lecture04_복사와스펙트럼_fv_강의노트.pdf (1792 kbyte)', '2019-03-25 00:00:00', '2019-06-14 23:59:00', '온라인', '천문학의지혜', '2019-08-15 13:19:25', 1, '출석완료', '72', 4),
('201702047', '201702047-천문학의지혜-5-1', 'Lecture 5 : 천문기기 Lecture05_천문기기_fv_강의노트.pdf (3308 kbyte)', '2019-04-01 00:00:00', '2019-06-14 23:59:00', '온라인', '천문학의지혜', '2019-08-15 13:19:25', 1, '출석완료', '63', 5),
('201702047', '201702047-천문학의지혜-6-1', 'Lecture 6: 별빛 분석하기 Lecture06_별빛분석하기_fv_강의노트.pdf (2358 kbyte)', '2019-04-08 00:00:00', '2019-06-14 23:59:00', '온라인', '천문학의지혜', '2019-08-15 13:19:25', 1, '출석완료', '67', 6),
('201702047', '201702047-천문학의지혜-7-1', '중간고사', '2019-04-20 00:00:00', '2019-06-14 23:59:00', '오프라인시험', '천문학의지혜', '2019-08-15 13:19:25', 1, '출석미반영', NULL, 7),
('201702047', '201702047-천문학의지혜-8-1', 'Lecture 7 : 별의 물리량 측정 Lecture07_별의물리량측정_fv_강의노트.pdf (2100 kbyte)', '2019-04-22 00:00:00', '2019-06-14 23:59:00', '온라인', '천문학의지혜', '2019-08-15 13:19:25', 1, '출석완료', '61', 8),
('201702047', '201702047-천문학의지혜-9-1', 'Lecture 8: 성간 물질과 별의 탄생 Lecture08_성간물질과별의탄생_fv_강의노트.pdf (4191 kbyte)', '2019-04-28 00:00:00', '2019-06-14 23:59:00', '온라인', '천문학의지혜', '2019-08-15 13:19:25', 1, '출석완료', '60', 9),
('201702047', '201702047-프로그래밍언어개론-1-1', 'PL01-1 Preliminary', '2019-03-04 00:00:00', '2019-03-12 23:59:00', '온라인', '프로그래밍언어개론', '2019-08-15 13:19:37', 1, '출석완료', '63', 1),
('201702047', '201702047-프로그래밍언어개론-1-2', 'PL01-2 PL Evaluation', '2019-03-04 00:00:00', '2019-03-12 23:59:00', '온라인', '프로그래밍언어개론', '2019-08-15 13:19:37', 2, '출석완료', '69', 1),
('201702047', '201702047-프로그래밍언어개론-10-1', 'PL10-1 SimpleSub', '2019-03-04 00:00:00', '2019-05-14 23:59:00', '온라인', '프로그래밍언어개론', '2019-08-15 13:19:37', 1, '출석완료', '45', 10),
('201702047', '201702047-프로그래밍언어개론-10-2', 'PL10-2 NestedSub', '2019-03-04 00:00:00', '2019-05-14 23:59:00', '온라인', '프로그래밍언어개론', '2019-08-15 13:19:37', 2, '출석완료', '84', 10),
('201702047', '201702047-프로그래밍언어개론-11-1', 'PL11-1 Data Abstraction', '2019-03-04 00:00:00', '2019-05-21 23:59:00', '온라인', '프로그래밍언어개론', '2019-08-15 13:19:37', 1, '출석완료', '11', 11),
('201702047', '201702047-프로그래밍언어개론-11-2', 'PL11-2 ADT', '2019-03-04 00:00:00', '2019-05-21 23:59:00', '온라인', '프로그래밍언어개론', '2019-08-15 13:19:37', 2, '출석완료', '14', 11),
('201702047', '201702047-프로그래밍언어개론-11-3', 'PL11-3 Abstractions', '2019-03-04 00:00:00', '2019-05-21 23:59:00', '온라인', '프로그래밍언어개론', '2019-08-15 13:19:37', 3, '출석완료', '9', 11),
('201702047', '201702047-프로그래밍언어개론-12-1', 'PL12-1 OOP Concept', '2019-03-04 00:00:00', '2019-05-28 23:59:00', '온라인', '프로그래밍언어개론', '2019-08-15 13:19:37', 1, '출석완료', '17', 12),
('201702047', '201702047-프로그래밍언어개론-12-2', 'PL12-2 Polymorphism', '2019-03-04 00:00:00', '2019-05-28 23:59:00', '온라인', '프로그래밍언어개론', '2019-08-15 13:19:38', 2, '출석완료', '11', 12),
('201702047', '201702047-프로그래밍언어개론-12-3', 'PL12-3 OOPL', '2019-03-04 00:00:00', '2019-05-28 23:59:00', '온라인', '프로그래밍언어개론', '2019-08-15 13:19:38', 3, '출석완료', '16', 12),
('201702047', '201702047-프로그래밍언어개론-13-1', 'PL13-1 Functional', '2019-03-04 00:00:00', '2019-06-11 23:59:00', '온라인', '프로그래밍언어개론', '2019-08-15 13:19:38', 1, '출석완료', '39', 13),
('201702047', '201702047-프로그래밍언어개론-13-2', 'PL13-2 Scheme Basic', '2019-03-04 00:00:00', '2019-06-11 23:59:00', '온라인', '프로그래밍언어개론', '2019-08-15 13:19:38', 2, '출석완료', '76', 13),
('201702047', '201702047-프로그래밍언어개론-13-3', 'PL13-3 Scheme Prog', '2019-03-04 00:00:00', '2019-06-11 23:59:00', '온라인', '프로그래밍언어개론', '2019-08-15 13:19:38', 3, '출석완료', '63', 13),
('201702047', '201702047-프로그래밍언어개론-14-1', 'PL14-1 Logical', '2019-03-04 00:00:00', '2019-06-11 23:59:00', '온라인', '프로그래밍언어개론', '2019-08-15 13:19:38', 1, '출석완료', '11', 14),
('201702047', '201702047-프로그래밍언어개론-14-2', 'PL14-2 Logical Prog', '2019-03-04 00:00:00', '2019-06-11 23:59:00', '온라인', '프로그래밍언어개론', '2019-08-15 13:19:38', 2, '출석완료', '22', 14),
('201702047', '201702047-프로그래밍언어개론-15-1', NULL, NULL, NULL, '온라인', '프로그래밍언어개론', '2019-08-15 13:19:38', 1, NULL, NULL, 15),
('201702047', '201702047-프로그래밍언어개론-16-1', NULL, NULL, NULL, '온라인', '프로그래밍언어개론', '2019-08-15 13:19:38', 1, NULL, NULL, 16),
('201702047', '201702047-프로그래밍언어개론-2-1', 'PL02-1 Syntax Semantics', '2019-03-04 00:00:00', '2019-03-19 23:59:00', '온라인', '프로그래밍언어개론', '2019-08-15 13:19:37', 1, '출석완료', '24', 2),
('201702047', '201702047-프로그래밍언어개론-2-2', 'PL02-2 Ambiguous Grammar', '2019-03-04 00:00:00', '2019-03-19 23:59:00', '온라인', '프로그래밍언어개론', '2019-08-15 13:19:37', 2, '출석완료', '17', 2),
('201702047', '201702047-프로그래밍언어개론-3-1', 'PL03-1 Variable', '2019-03-04 00:00:00', '2019-03-26 23:59:00', '온라인', '프로그래밍언어개론', '2019-08-15 13:19:37', 1, '출석완료', '38', 3),
('201702047', '201702047-프로그래밍언어개론-3-2', 'PL03-2 Binding', '2019-03-04 00:00:00', '2019-03-26 23:59:00', '온라인', '프로그래밍언어개론', '2019-08-15 13:19:37', 2, '출석완료', '58', 3),
('201702047', '201702047-프로그래밍언어개론-4-1', 'PL04-1 Scope', '2019-03-04 00:00:00', '2019-04-02 23:59:00', '온라인', '프로그래밍언어개론', '2019-08-15 13:19:37', 1, '출석완료', '94', 4),
('201702047', '201702047-프로그래밍언어개론-5-1', 'PL05-1 Basic Data Types', '2019-03-04 00:00:00', '2019-04-09 23:59:00', '온라인', '프로그래밍언어개론', '2019-08-15 13:19:37', 1, '출석완료', '19', 5),
('201702047', '201702047-프로그래밍언어개론-5-2', 'PL05-2 String Ordinal', '2019-03-04 00:00:00', '2019-04-09 23:59:00', '온라인', '프로그래밍언어개론', '2019-08-15 13:19:37', 2, '출석완료', '21', 5),
('201702047', '201702047-프로그래밍언어개론-5-3', 'PL05-3 Array', '2019-03-04 00:00:00', '2019-04-09 23:59:00', '온라인', '프로그래밍언어개론', '2019-08-15 13:19:37', 3, '출석완료', '27', 5),
('201702047', '201702047-프로그래밍언어개론-6-1', 'PL06-1 구조적 데이터타입', '2019-03-04 00:00:00', '2019-04-16 23:59:00', '온라인', '프로그래밍언어개론', '2019-08-15 13:19:37', 1, '출석완료', '13', 6),
('201702047', '201702047-프로그래밍언어개론-6-2', 'PL06-2 포인터 개요', '2019-03-04 00:00:00', '2019-04-16 23:59:00', '온라인', '프로그래밍언어개론', '2019-08-15 13:19:37', 2, '출석완료', '14', 6),
('201702047', '201702047-프로그래밍언어개론-6-3', 'PL06-3 포인터의 문제점', '2019-03-04 00:00:00', '2019-04-16 23:59:00', '온라인', '프로그래밍언어개론', '2019-08-15 13:19:37', 3, '출석완료', '27', 6),
('201702047', '201702047-프로그래밍언어개론-7-1', 'PL07-1 Assignment', '2019-03-04 00:00:00', '2019-04-23 23:59:00', '온라인', '프로그래밍언어개론', '2019-08-15 13:19:37', 1, '출석완료', '33', 7),
('201702047', '201702047-프로그래밍언어개론-7-2', 'PL07-2 Selection', '2019-03-04 00:00:00', '2019-04-23 23:59:00', '온라인', '프로그래밍언어개론', '2019-08-15 13:19:37', 2, '출석완료', '19', 7),
('201702047', '201702047-프로그래밍언어개론-7-3', 'PL07-3 Iteration', '2019-03-04 00:00:00', '2019-04-23 23:59:00', '온라인', '프로그래밍언어개론', '2019-08-15 13:19:37', 3, '출석완료', '23', 7),
('201702047', '201702047-프로그래밍언어개론-8-1', 'PL08-1 Subprogram', '2019-03-04 00:00:00', '2019-04-30 23:59:00', '온라인', '프로그래밍언어개론', '2019-08-15 13:19:37', 1, '출석완료', '55', 8),
('201702047', '201702047-프로그래밍언어개론-8-2', 'PL08-2 Parameter', '2019-03-04 00:00:00', '2019-04-30 23:59:00', '온라인', '프로그래밍언어개론', '2019-08-15 13:19:37', 2, '출석완료', '82', 8),
('201702047', '201702047-프로그래밍언어개론-9-1', 'PL09-1 Polymorphic', '2019-03-04 00:00:00', '2019-05-07 23:59:00', '온라인', '프로그래밍언어개론', '2019-08-15 13:19:37', 1, '출석완료', '42', 9),
('201702047', '201702047-프로그래밍언어개론-9-2', 'PL09-2 DesignIssues', '2019-03-04 00:00:00', '2019-05-07 23:59:00', '온라인', '프로그래밍언어개론', '2019-08-15 13:19:37', 2, '출석완료', '37', 9);

-- --------------------------------------------------------

--
-- 테이블 구조 `notices`
--

CREATE TABLE `notices` (
  `type` varchar(10) NOT NULL,
  `title` varchar(100) NOT NULL,
  `url` varchar(300) NOT NULL,
  `writter` varchar(10) NOT NULL,
  `date` date NOT NULL,
  `updated_time` timestamp NOT NULL DEFAULT CURRENT_TIMESTAMP,
  `num` int(11) NOT NULL
) ENGINE=InnoDB DEFAULT CHARSET=utf8;

--
-- 테이블의 덤프 데이터 `notices`
--

INSERT INTO `notices` (`type`, `title`, `url`, `writter`, `date`, `updated_time`, `num`) VALUES
('barchelor', '[공지] [★★★ 2018학년도 입학자 : 기초물리학실험2 이수 면제 알림 ★★★]', 'https://computer.cnu.ac.kr/computer/notice/bachelor.do?mode=view&articleNo=98690&article.offset=0&articleLimit=10', '수업조교', '2019-08-05', '2019-08-21 11:14:54', 999999),
('barchelor', '[공지] [★★★ 수강신청 여석 조정 안내 : 개강전 8.30(금) 공지 사항을 꼭 확인 하세요 ★★★]', 'https://computer.cnu.ac.kr/computer/notice/bachelor.do?mode=view&articleNo=98688&article.offset=0&articleLimit=10', '수업조교', '2019-08-05', '2019-08-21 11:14:54', 999999),
('barchelor', '[공지] [성적경고자] 2019학년도 제1학기 성적경고자에 대한 안내', 'https://computer.cnu.ac.kr/computer/notice/bachelor.do?mode=view&articleNo=98614&article.offset=0&articleLimit=10', '조교 김정화', '2019-08-02', '2019-08-21 11:14:54', 999999),
('barchelor', '[공지] [졸업논문] (갱신2019.8.16.)2019-2학기(2019후기) 졸업프로젝트 계획서 제출 안내 (기한:2019.9.6.(금)18시까지)', 'https://computer.cnu.ac.kr/computer/notice/bachelor.do?mode=view&articleNo=98499&article.offset=0&articleLimit=10', '조교 김정화', '2019-07-30', '2019-08-21 11:14:54', 999999),
('barchelor', '[공지] [★★★ 학부 수강신청관련(교육과정) 문의 : 821-7456 으로 문의 하세요 ★★★]', 'https://computer.cnu.ac.kr/computer/notice/bachelor.do?mode=view&articleNo=98436&article.offset=0&articleLimit=10', '수업조교', '2019-07-29', '2019-08-21 11:14:54', 999999),
('barchelor', '[공지] 2019학년도 2학기 등록금 납부 일정 및 안내', 'https://computer.cnu.ac.kr/computer/notice/bachelor.do?mode=view&articleNo=98121&article.offset=0&articleLimit=10', '조교김정화', '2019-07-03', '2019-08-21 11:14:54', 999999),
('barchelor', '[공지] 대학원 연계과정 (학ㆍ석사 연계과정, 석ㆍ박사통합과정) 및 특례(장학금) 안내', 'https://computer.cnu.ac.kr/computer/notice/bachelor.do?mode=view&articleNo=20240&article.offset=0&articleLimit=10', '이희정', '2019-04-12', '2019-08-21 11:14:54', 999999),
('barchelor', '[공지] [★★★ 해외 인턴쉽 학점인정 신청 양식 ★★★]', 'https://computer.cnu.ac.kr/computer/notice/bachelor.do?mode=view&articleNo=20040&article.offset=0&articleLimit=10', '수업조교', '2017-12-15', '2019-08-21 11:14:54', 999999),
('barchelor', '[교내장학] 2019-2학기 재학생 교내장학금(영탑, 보훈, 새터민, 외국어우수) 신청 안내(기한: ~2019.8.7.(수) 17시까지)', 'https://computer.cnu.ac.kr/computer/notice/bachelor.do?mode=view&articleNo=98576&article.offset=0&articleLimit=10', '조교 김정화', '2019-08-01', '2019-08-21 11:14:54', 1033),
('barchelor', '[★★★ 알고리즘 학년별 수강신청 당부 요청 ★★★]', 'https://computer.cnu.ac.kr/computer/notice/bachelor.do?mode=view&articleNo=98455&article.offset=0&articleLimit=10', '수업조교', '2019-07-29', '2019-08-21 11:14:54', 1032),
('barchelor', '[★★★ 1학년 수강 신청 안내 : 2학기 수강신청은 본인이 직접 하세요 ★★★]', 'https://computer.cnu.ac.kr/computer/notice/bachelor.do?mode=view&articleNo=98405&article.offset=0&articleLimit=10', '수업조교', '2019-07-25', '2019-08-21 11:14:54', 1031),
('barchelor', '[★★★ 2학기 학부 수강 신청 일정 안내 : 8.1(목) ~ 8.7(수) ★★★]', 'https://computer.cnu.ac.kr/computer/notice/bachelor.do?mode=view&articleNo=98368&article.offset=0&articleLimit=10', '수업조교', '2019-07-24', '2019-08-21 11:14:54', 1030),
('barchelor', '[★★★ 2019년 8월 졸업 예정자 : 2018학년도 후기 졸업사정 결과 ★★★]', 'https://computer.cnu.ac.kr/computer/notice/bachelor.do?mode=view&articleNo=98351&article.offset=0&articleLimit=10', '수업조교', '2019-07-23', '2019-08-21 11:14:54', 1029),
('barchelor', '[★★★졸업연기 신청 안내 : 7.22(월) ~7.26 (금) ★★★]', 'https://computer.cnu.ac.kr/computer/notice/bachelor.do?mode=view&articleNo=98143&article.offset=0&articleLimit=10', '수업조교', '2019-07-17', '2019-08-21 11:14:54', 1028),
('barchelor', '[입시] 2019학년도 후기 2차 대학원 입학전형 신입생 모집안내-학석사연계과정 포함', 'https://computer.cnu.ac.kr/computer/notice/bachelor.do?mode=view&articleNo=98142&article.offset=0&articleLimit=10', '이희정', '2019-07-12', '2019-08-21 11:14:54', 1027),
('barchelor', '2019 공과대학 캡스톤디자인·졸업작품 경진대회 컴공 선정팀들에게-1차 심사용 포스터 제출 요청(기한 2019.7.31.(수)정오까지)', 'https://computer.cnu.ac.kr/computer/notice/bachelor.do?mode=view&articleNo=98141&article.offset=0&articleLimit=10', '조교김정화', '2019-07-11', '2019-08-21 11:14:54', 1026),
('barchelor', '2019학년도 제2학기 휴학 및 복학 신청 안내 (2학기 장학선발을 위한 휴학 자제기간!!! 2019.8.5.(월)~등록금 고지서 확인시 까지)', 'https://computer.cnu.ac.kr/computer/notice/bachelor.do?mode=view&articleNo=98127&article.offset=0&articleLimit=10', '조교김정화', '2019-07-10', '2019-08-21 11:14:54', 1025),
('barchelor', '[부.복수 전공] 2019학년도 1차 CNU 융복합창의전공 신청 안내 (신청기간 2019.7.18.(목)~7.24.(수) 18시까지)', 'https://computer.cnu.ac.kr/computer/notice/bachelor.do?mode=view&articleNo=98124&article.offset=0&articleLimit=10', '조교김정화', '2019-07-09', '2019-08-21 11:14:54', 1024),
('notice', '[공지] [졸업식] 2018후기 졸업대상자 졸업 가운 대여 안내(신청및입금: 8.21.(수)까지) 및 졸업식 안내(정심화홀 8.23.(금) 14:00)', 'https://computer.cnu.ac.kr/computer/notice/notice.do?mode=view&articleNo=101464&article.offset=0&articleLimit=10', '조교 김정화', '2019-08-12', '2019-08-21 11:14:55', 999999),
('notice', '[공지] <컴퓨터공학과 대학원 정기 세미나(매월 마지막 주 금요일) 안내> - 관심있는 학부생들의 참여도 환영합니다.', 'https://computer.cnu.ac.kr/computer/notice/notice.do?mode=view&articleNo=21197&article.offset=0&articleLimit=10', '이희정', '2019-03-20', '2019-08-21 11:14:55', 999999),
('notice', '국립대육성사업 지역특화산업 선도 실무역량강화 프로그램 지원(신청기한: ~2019.9.6.까지)', 'https://computer.cnu.ac.kr/computer/notice/notice.do?mode=view&articleNo=101622&article.offset=0&articleLimit=10', '조교 김정화', '2019-08-16', '2019-08-21 11:14:55', 1015),
('notice', '[근로] 2019학년도 제2학기 1차 국가근로장학사업 희망근로기관 신청 안내(2019.8.14.~8.20.)', 'https://computer.cnu.ac.kr/computer/notice/notice.do?mode=view&articleNo=101616&article.offset=0&articleLimit=10', '조교 김정화', '2019-08-16', '2019-08-21 11:14:55', 1014),
('notice', '2019년도 「어깨동무 입학 후 프로젝트」 참가자 모집 안내(2차) (접수기간: 2019.8.7.~8.20. 18:00까지)', 'https://computer.cnu.ac.kr/computer/notice/notice.do?mode=view&articleNo=101581&article.offset=0&articleLimit=10', '조교 김정화', '2019-08-13', '2019-08-21 11:14:55', 1013),
('notice', '[국가근로] 2019. 2학기 2차 국가근로장학금 학생 신청기간 안내 (2019.8.20.~9.5.(목) 18시까지)', 'https://computer.cnu.ac.kr/computer/notice/notice.do?mode=view&articleNo=101579&article.offset=0&articleLimit=10', '조교 김정화', '2019-08-13', '2019-08-21 11:14:55', 1012),
('notice', '[장학] 2019학년도 2학기 백마장학회 장학생 선발 안내 (신청기한: 2019.8.18.까지)', 'https://computer.cnu.ac.kr/computer/notice/notice.do?mode=view&articleNo=101578&article.offset=0&articleLimit=10', '조교 김정화', '2019-08-13', '2019-08-21 11:14:55', 1011),
('notice', '[종료]2019년도 2학기 컴퓨터공학과 사무실 근무 할 근로장학생 선발 안내', 'https://computer.cnu.ac.kr/computer/notice/notice.do?mode=view&articleNo=101466&article.offset=0&articleLimit=10', '조교', '2019-08-12', '2019-08-21 11:14:55', 1010),
('notice', '2019-2학기 컴퓨터공학과 사무실 근무할 \"국가근로\"장학생 신청 안내 (신청기한: 2019.8.16(금)까지)', 'https://computer.cnu.ac.kr/computer/notice/notice.do?mode=view&articleNo=101465&article.offset=0&articleLimit=10', '조교 김정화', '2019-08-12', '2019-08-21 11:14:55', 1009),
('notice', '2019학년도 제2학기 국가근로장학생(장애대학생 봉사유형) 신청 안내 (기한: 2019.8.9.(금) 오전9시까지)', 'https://computer.cnu.ac.kr/computer/notice/notice.do?mode=view&articleNo=99507&article.offset=0&articleLimit=10', '조교 김정화', '2019-08-07', '2019-08-21 11:14:55', 1008),
('notice', '[대전정보문화산업진흥원] 제6회 대한민국 SW융합 해커톤 대회 안내', 'https://computer.cnu.ac.kr/computer/notice/notice.do?mode=view&articleNo=98873&article.offset=0&articleLimit=10', '조교 김정화', '2019-08-07', '2019-08-21 10:04:20', 1007),
('notice', '[2019.8.8.(목)~8.9.(금)] \"시간수정 및 강사 안내\" [사이버보안연구실] 최신 이동통신 기술 세미나 공지', 'https://computer.cnu.ac.kr/computer/notice/notice.do?mode=view&articleNo=98771&article.offset=0&articleLimit=10', '조교 김정화', '2019-08-06', '2019-08-19 14:31:01', 1006),
('project', '[SW중심대학]모각코 회고 발표 안내', 'https://computer.cnu.ac.kr/computer/notice/project.do?mode=view&articleNo=101552&article.offset=0&articleLimit=10', '이한솔', '2019-08-13', '2019-08-21 11:14:55', 362),
('project', '[SW중심대학] 제1회 Bottom Up 프로젝트 경진대회 최종보고서 제출 안내 (기한 ~8.19.(월) 18시 마감)', 'https://computer.cnu.ac.kr/computer/notice/project.do?mode=view&articleNo=101551&article.offset=0&articleLimit=10', '이한솔', '2019-08-13', '2019-08-21 11:14:55', 361),
('project', '[KAIST SW교육센터] TOPCIT 스터디 멤버 모집 안내', 'https://computer.cnu.ac.kr/computer/notice/project.do?mode=view&articleNo=98748&article.offset=0&articleLimit=10', '이한솔', '2019-08-06', '2019-08-21 11:14:56', 360),
('project', '[SW중심대학] 2019년 7월 TA복무활동보고서 제출 안내(제출 기간 7월31일~8월7일)', 'https://computer.cnu.ac.kr/computer/notice/project.do?mode=view&articleNo=98496&article.offset=0&articleLimit=10', '박현진', '2019-07-30', '2019-08-21 11:14:56', 359),
('project', '[SW중심대학] AI STARTHON(스타톤) 2019 안내', 'https://computer.cnu.ac.kr/computer/notice/project.do?mode=view&articleNo=98218&article.offset=0&articleLimit=10', 'SW중심대학', '2019-07-16', '2019-08-21 11:14:56', 358),
('project', '[SW중심대학] 인프런 동영상 강의 수강 지원 안내', 'https://computer.cnu.ac.kr/computer/notice/project.do?mode=view&articleNo=98217&article.offset=0&articleLimit=10', 'SW중심대학', '2019-07-16', '2019-08-21 11:14:56', 357),
('project', '[SW중심대학] 2019년 5월 TA,튜터 복무활동보고서 제출 안내(제출 기간 7월1일~7월5일)', 'https://computer.cnu.ac.kr/computer/notice/project.do?mode=view&articleNo=98216&article.offset=0&articleLimit=10', 'SW중심대학', '2019-06-28', '2019-08-21 11:14:56', 356),
('project', '[SW중심대학] [네이버 커넥트재단] 부스트캠프 2019 참가자 모집 안내 (~7/3까지)', 'https://computer.cnu.ac.kr/computer/notice/project.do?mode=view&articleNo=98215&article.offset=0&articleLimit=10', 'SW중심대학', '2019-06-25', '2019-08-21 11:14:56', 355),
('project', '[SW중심대학] 제1회 Bottom Up 프로젝트 경진대회 계획서 제출 안내 (기한 ~6.24.(월) 16시 마감)', 'https://computer.cnu.ac.kr/computer/notice/project.do?mode=view&articleNo=98214&article.offset=0&articleLimit=10', 'SW중심대학', '2019-06-14', '2019-08-19 14:31:04', 354),
('project', '[SW중심대학] 자료구조 특강 안내 (2019.6.19.(수)~6.21.(금) 18:00~22:00)', 'https://computer.cnu.ac.kr/computer/notice/project.do?mode=view&articleNo=98213&article.offset=0&articleLimit=10', 'SW중심대학', '2019-06-12', '2019-08-19 14:31:04', 353),
('job', '새로남 기독학교 초,중등 컴퓨터 강사 모집 공고(학과신청: ~2019.8.12.(월) 정오까지)', 'https://computer.cnu.ac.kr/computer/notice/job.do?mode=view&articleNo=100167&article.offset=0&articleLimit=10', '조교 김정화', '2019-08-08', '2019-08-21 11:14:56', 641),
('job', '[대체인력 계약직] 한국동서발전(주) 발전기술개발원 채용공고문 및 응시원서 안내', 'https://computer.cnu.ac.kr/computer/notice/job.do?mode=view&articleNo=98718&article.offset=0&articleLimit=10', '조교 김정화', '2019-08-05', '2019-08-21 11:14:56', 640),
('job', '[채용][(주)농협정보시스템] 정규/계약직 직원 모집공고 (접수: ~2019.8.6.까지)', 'https://computer.cnu.ac.kr/computer/notice/job.do?mode=view&articleNo=98716&article.offset=0&articleLimit=10', '조교 김정화', '2019-08-05', '2019-08-21 11:14:56', 639),
('job', '[단기계약직][한국수자원공사] 데이터바우처 지원사업 관련 업무 (접수: ~2019.8.11. 18시까지, 근무기간: 2019.8월~2019.12월)', 'https://computer.cnu.ac.kr/computer/notice/job.do?mode=view&articleNo=98715&article.offset=0&articleLimit=10', '조교 김정화', '2019-08-05', '2019-08-21 11:14:56', 638),
('job', '[충남대학교 청년TLO] 2019년도 청년TLO육성사업 참여인력(산학협력단 연구원) 추가 채용(접수 ~2019.8.9.(금) 18시까지)', 'https://computer.cnu.ac.kr/computer/notice/job.do?mode=view&articleNo=98524&article.offset=0&articleLimit=10', '조교 김정화', '2019-07-30', '2019-08-21 11:14:56', 637),
('job', '[위드텍] 신입사원 채용공고 안내', 'https://computer.cnu.ac.kr/computer/notice/job.do?mode=view&articleNo=98356&article.offset=0&articleLimit=10', '조교 김정화', '2019-07-23', '2019-08-21 11:14:56', 636),
('job', '[채용] (주)케이티지 IT 개발자 모집 (기한: 7.10.(수)까지)', 'https://computer.cnu.ac.kr/computer/notice/job.do?mode=view&articleNo=98229&article.offset=0&articleLimit=10', '조교김정화', '2019-07-04', '2019-08-21 11:14:56', 635),
('job', '[충남대학교 청년TLO] 2019년도 청년TLO육성사업 참여인력(산학협력단 연구원) 추가 채용(접수 ~2019.7.26.(금) 18시까지)', 'https://computer.cnu.ac.kr/computer/notice/job.do?mode=view&articleNo=98228&article.offset=0&articleLimit=10', '조교김정화', '2019-07-02', '2019-08-21 11:14:56', 634),
('job', '[한국무역협회] KITA 일본기업 개별 설명회 및 면접회 진행 안내 (입사지원: ~2019.7.5.까지)', 'https://computer.cnu.ac.kr/computer/notice/job.do?mode=view&articleNo=98227&article.offset=0&articleLimit=10', '조교김정화', '2019-07-02', '2019-08-21 11:14:56', 633),
('job', '[2019.6.28.(금) 오후4시][학과장님 주최] 입사 면접을 위한 특강 (조성돈 한화시스템 영업본부장)', 'https://computer.cnu.ac.kr/computer/notice/job.do?mode=view&articleNo=98226&article.offset=0&articleLimit=10', '조교김정화', '2019-06-25', '2019-08-19 14:31:08', 632),
('cse', 'KCC2019 학부생/주니어논문경진대회 우수상 및 장려상 수상', 'https://computer.cnu.ac.kr/computer/notice/cse.do?mode=view&articleNo=101460&article.offset=0&articleLimit=10', '조교 이희정', '2019-08-12', '2019-08-21 11:14:57', 75),
('cse', '한·핀란드 스타트업 서밋 대학생 경연서 주블리 팀(컴퓨터공학과 3학년 이용재) 우승', 'https://computer.cnu.ac.kr/computer/notice/cse.do?mode=view&articleNo=98231&article.offset=0&articleLimit=10', '이희정', '2019-06-14', '2019-08-21 11:14:57', 74),
('cse', 'SKT ‘누구 플레이 개발 공모전’ 2년 연속 입상 - 한진섭, 김인섭', 'https://computer.cnu.ac.kr/computer/notice/cse.do?mode=view&articleNo=98230&article.offset=0&articleLimit=10', 'SW중심대학', '2019-05-30', '2019-08-21 11:14:57', 73),
('cse', 'SKT 누구 플레이 개발 공모전 성료… 세줄일기 감성 오디오 최우수상', 'https://computer.cnu.ac.kr/computer/notice/cse.do?mode=view&articleNo=22914&article.offset=0&articleLimit=10', 'SW중심대학', '2019-05-28', '2019-08-21 11:14:57', 72),
('cse', '문송합니다? 문과생도 소프트웨어 전문가로 키운다', 'https://computer.cnu.ac.kr/computer/notice/cse.do?mode=view&articleNo=22913&article.offset=0&articleLimit=10', 'SW중심대학', '2019-05-28', '2019-08-21 11:14:57', 71),
('cse', '컴퓨터융합학부/컴퓨터공학과 소식지 25호 (발행 2019년4월30일)', 'https://computer.cnu.ac.kr/computer/notice/cse.do?mode=view&articleNo=22912&article.offset=0&articleLimit=10', '조교김정화', '2019-04-30', '2019-08-21 11:14:57', 70),
('cse', '충남대 SW중심대학사업단, 글로벌인턴십 4기 파견', 'https://computer.cnu.ac.kr/computer/notice/cse.do?mode=view&articleNo=22911&article.offset=0&articleLimit=10', 'SW중심대학', '2019-03-15', '2019-08-21 11:14:57', 69),
('cse', '[충남대학교 SW중심대학사업단] 2019 CES, 최고 혁신상 수상에 기여', 'https://computer.cnu.ac.kr/computer/notice/cse.do?mode=view&articleNo=22910&article.offset=0&articleLimit=10', '조교김정화', '2019-02-12', '2019-08-21 11:14:57', 68),
('cse', '세계 최대 IT.가전 전시회 ‘CES’에서 충남대 창업 빛났다', 'https://computer.cnu.ac.kr/computer/notice/cse.do?mode=view&articleNo=22909&article.offset=0&articleLimit=10', 'SW중심대학', '2019-01-21', '2019-08-21 11:14:57', 67),
('cse', '[SW중심대학사업] 글로벌인재트랙3기-퍼듀 해외 인턴십 파견 학생들 출국 소식', 'https://computer.cnu.ac.kr/computer/notice/cse.do?mode=view&articleNo=22908&article.offset=0&articleLimit=10', '조교김정화', '2019-01-02', '2019-08-21 11:14:57', 66),
('notice', '[공지] [졸업식] 충남대학교 2018년도 후기(2019년8월) 학위수여식 행사 세부계획(안)', 'https://computer.cnu.ac.kr/computer/notice/notice.do?mode=view&articleNo=101697&article.offset=0&articleLimit=10', '조교 김정화', '2019-08-20', '2019-08-21 11:14:55', 999999),
('notice', '[근로] 2019. 2학기 2차 국가근로장학금 학생 신청기간 안내(2019.8.20.~9.5.(목) 18시까지)', 'https://computer.cnu.ac.kr/computer/notice/notice.do?mode=view&articleNo=101669&article.offset=0&articleLimit=10', '조교 김정화', '2019-08-20', '2019-08-21 11:14:55', 1016),
('project', '[SW중심대학] 제1회 Bottom Up 프로젝트 경진대회 개최 (8/23)', 'https://computer.cnu.ac.kr/computer/notice/project.do?mode=view&articleNo=101768&article.offset=0&articleLimit=10', '이한솔', '2019-08-21', '2019-08-21 11:14:55', 364),
('project', '[SW중심대학] 알고리즘 특강 안내', 'https://computer.cnu.ac.kr/computer/notice/project.do?mode=view&articleNo=101734&article.offset=0&articleLimit=10', '이한솔', '2019-08-20', '2019-08-21 11:14:55', 363),
('job', '2020 카카오 신입 개발자 채용설명회 및 공채안내', 'https://computer.cnu.ac.kr/computer/notice/job.do?mode=view&articleNo=101668&article.offset=0&articleLimit=10', '조교 김정화', '2019-08-20', '2019-08-21 11:14:56', 642),
('notice', '[장학] 2019년도 (재)포항시장학회 장학생 선발 안내 (인터넷접수: 2019.9.9.(월) 18시까지)', 'https://computer.cnu.ac.kr/computer/notice/notice.do?mode=view&articleNo=109675&article.offset=0&articleLimit=10', '조교 김정화', '2019-08-21', '2019-08-21 11:14:55', 1017),
('barchelor', '[공지] [2019.8.29(목)] 공대 캡스톤디자인.졸업작품전 참가팀 선발 확정 안내', 'https://computer.cnu.ac.kr/computer/notice/bachelor.do?mode=view&articleNo=98809&article.offset=0&articleLimit=10', '조교 김정화', '2019-08-07', '2019-08-21 11:14:54', 999999);

-- --------------------------------------------------------

--
-- 테이블 구조 `reports`
--

CREATE TABLE `reports` (
  `stdnt_no` varchar(45) NOT NULL,
  `id` varchar(45) NOT NULL,
  `title` varchar(100) NOT NULL,
  `start_time` datetime NOT NULL,
  `end_time` datetime NOT NULL,
  `type` varchar(10) DEFAULT NULL,
  `subject` varchar(45) NOT NULL,
  `report_no` int(11) DEFAULT NULL,
  `is_submit` varchar(10) NOT NULL,
  `is_include` varchar(10) NOT NULL,
  `is_open` varchar(10) DEFAULT NULL,
  `fullscore` int(11) DEFAULT NULL,
  `is_progress` varchar(10) NOT NULL,
  `updated_time` timestamp NULL DEFAULT NULL
) ENGINE=InnoDB DEFAULT CHARSET=utf8;

--
-- 테이블의 덤프 데이터 `reports`
--

INSERT INTO `reports` (`stdnt_no`, `id`, `title`, `start_time`, `end_time`, `type`, `subject`, `report_no`, `is_submit`, `is_include`, `is_open`, `fullscore`, `is_progress`, `updated_time`) VALUES
('201701967', '201701967-test-123', 'testreport', '2019-03-14 18:00:00', '2019-08-21 23:59:00', '1차', '데이터통신', 1, '미제출', '포함', '비공개', 100, '종료', '2019-08-15 13:18:34'),
('201701967', '201701967-데이터통신-1', 'IPC(Inter-process Communication)', '2019-03-14 18:00:00', '2019-03-27 23:59:00', '1차', '데이터통신', 1, '제출', '포함', '비공개', 100, '종료', '2019-08-15 13:18:34'),
('201701967', '201701967-데이터통신-2', 'Stop&Wait Protocol(1차)', '2019-03-28 18:00:00', '2019-04-11 12:00:00', '1차', '데이터통신', 2, '제출', '포함', '비공개', 100, '종료', '2019-08-15 13:18:35'),
('201701967', '201701967-데이터통신-3', 'Stop&Wait Protocol(2차)', '2019-04-11 18:00:00', '2019-05-01 23:59:00', '1차', '데이터통신', 3, '제출', '포함', '비공개', 100, '종료', '2019-08-15 13:18:35'),
('201701967', '201701967-데이터통신-4', 'Chatting & File Transfer', '2019-05-09 18:00:00', '2019-06-05 23:59:00', '1차', '데이터통신', 4, '제출', '포함', '비공개', 100, '종료', '2019-08-15 13:18:35'),
('201701967', '201701967-실전코딩-1', '2019 실전코딩 1주차 과제 안내', '2019-03-05 00:00:00', '2019-03-10 23:59:00', '1차', '실전코딩', 1, '미제출', '미포함', '비공개', 100, '종료', '2019-08-15 13:18:23'),
('201701967', '201701967-운영체제및실습-1', '운영체제_실습_과제1', '2019-03-21 00:00:00', '2019-03-27 10:00:00', '1차', '운영체제및실습', 1, '제출', '포함', '비공개', 100, '종료', '2019-08-15 13:18:46'),
('201701967', '201701967-운영체제및실습-2', '운영체제_실습_과제2', '2019-03-27 12:00:00', '2019-04-03 10:00:00', '1차', '운영체제및실습', 2, '제출', '포함', '비공개', 100, '종료', '2019-08-15 13:18:46'),
('201701967', '201701967-운영체제및실습-3', '운영체제_실습_과제3', '2019-04-03 14:00:00', '2019-04-10 10:00:00', '1차', '운영체제및실습', 3, '제출', '포함', '비공개', 100, '종료', '2019-08-15 13:18:46'),
('201701967', '201701967-운영체제및실습-4', '운영체제_실습_과제4', '2019-04-10 12:00:00', '2019-04-17 10:00:00', '1차', '운영체제및실습', 4, '제출', '포함', '비공개', 100, '종료', '2019-08-15 13:18:46'),
('201701967', '201701967-운영체제및실습-5', '운영체제_실습_과제5(Semaphore Programming)', '2019-04-17 10:00:00', '2019-05-01 10:00:00', '1차', '운영체제및실습', 5, '제출', '포함', '비공개', 100, '종료', '2019-08-15 13:18:46'),
('201701967', '201701967-운영체제및실습-6', '운영체제_실습_과제6', '2019-05-13 00:00:00', '2019-05-22 10:00:00', '1차', '운영체제및실습', 6, '제출', '포함', '비공개', 100, '종료', '2019-08-15 13:18:46'),
('201701967', '201701967-운영체제및실습-7', '운영체제_실습_과제7', '2019-05-15 00:00:00', '2019-05-22 10:00:00', '1차', '운영체제및실습', 7, '제출', '포함', '비공개', 100, '종료', '2019-08-15 13:18:46'),
('201701967', '201701967-운영체제및실습-8', '운영체제_과제8', '2019-05-22 10:00:00', '2019-05-29 10:00:00', '1차', '운영체제및실습', 8, '제출', '포함', '비공개', 100, '종료', '2019-08-15 13:18:46'),
('201701967', '201701967-운영체제및실습-9', '운영체제_실습_과제9', '2019-06-05 00:00:00', '2019-06-12 10:00:00', '1차', '운영체제및실습', 9, '제출', '포함', '비공개', 100, '종료', '2019-08-15 13:18:46'),
('201701967', '201701967-진로설계2(취업과창업)-1', '과제1: SWOT 분석', '2019-03-18 00:00:00', '2019-03-29 23:59:00', '1차', '진로설계2 (취업과 창업)', 1, '제출', '포함', '비공개', 100, '종료', '2019-08-15 13:17:58'),
('201701967', '201701967-진로설계2(취업과창업)-2', '과제2: 이력서 쓰기', '2019-04-22 00:00:00', '2019-04-29 23:59:00', '1차', '진로설계2 (취업과 창업)', 2, '제출', '포함', '비공개', 100, '종료', '2019-08-15 13:17:58'),
('201701967', '201701967-진로설계2(취업과창업)-3', '과제3: 자기소개서 쓰기', '2019-05-06 00:00:00', '2019-05-16 23:59:00', '1차', '진로설계2 (취업과 창업)', 3, '제출', '포함', '비공개', 100, '종료', '2019-08-15 13:17:58'),
('201701967', '201701967-진로설계2(취업과창업)-4', '과제4: Worknet 직업선호도 검사(s형)', '2019-05-20 00:00:00', '2019-06-03 23:59:00', '1차', '진로설계2 (취업과 창업)', 4, '제출', '포함', '비공개', 100, '종료', '2019-08-15 13:17:58'),
('201701967', '201701967-진로설계2(취업과창업)-5', '과제5: 진로설계계획서', '2019-06-04 00:00:00', '2019-06-16 23:59:00', '1차', '진로설계2 (취업과 창업)', 5, '제출', '포함', '비공개', 100, '종료', '2019-08-15 13:17:58'),
('201701967', '201701967-프로그래밍언어개론-1', 'hw01_Recursion', '2019-03-05 00:00:00', '2019-03-12 23:59:00', '1차', '프로그래밍언어개론', 1, '제출', '포함', '비공개', 100, '종료', '2019-08-15 13:18:10'),
('201701967', '201701967-프로그래밍언어개론-10', 'Project : item2', '2019-06-04 00:00:00', '2019-06-09 23:59:00', '1차', '프로그래밍언어개론', 10, '제출', '포함', '비공개', 100, '종료', '2019-08-15 13:18:11'),
('201701967', '201701967-프로그래밍언어개론-11', 'Project : item3', '2019-06-04 00:00:00', '2019-06-19 23:59:00', '1차', '프로그래밍언어개론', 11, '제출', '포함', '비공개', 100, '종료', '2019-08-15 13:18:11'),
('201701967', '201701967-프로그래밍언어개론-2', 'hw02_RecursionLinkedList', '2019-03-13 00:00:00', '2019-03-19 23:59:00', '1차', '프로그래밍언어개론', 2, '제출', '포함', '비공개', 100, '종료', '2019-08-15 13:18:10'),
('201701967', '201701967-프로그래밍언어개론-3', 'hw03_Recognizing_Token', '2019-03-20 00:00:00', '2019-04-04 23:59:00', '1차', '프로그래밍언어개론', 3, '제출', '포함', '비공개', 100, '종료', '2019-08-15 13:18:11'),
('201701967', '201701967-프로그래밍언어개론-4', 'hw04_Cute19Scanner', '2019-04-03 00:00:00', '2019-04-18 23:59:00', '1차', '프로그래밍언어개론', 4, '제출', '포함', '비공개', 100, '종료', '2019-08-15 13:18:11'),
('201701967', '201701967-프로그래밍언어개론-5', 'hw05_Node_Max_Sum', '2019-04-10 00:00:00', '2019-04-18 23:59:00', '1차', '프로그래밍언어개론', 5, '제출', '포함', '비공개', 100, '종료', '2019-08-15 13:18:11'),
('201701967', '201701967-프로그래밍언어개론-6', 'hw06_Cute19_List_Parser', '2019-04-17 00:00:00', '2019-05-02 23:59:00', '1차', '프로그래밍언어개론', 6, '제출', '포함', '비공개', 100, '종료', '2019-08-15 13:18:11'),
('201701967', '201701967-프로그래밍언어개론-7', 'hw07_Cute19_List_Parser2', '2019-05-01 00:00:00', '2019-05-10 23:59:00', '1차', '프로그래밍언어개론', 7, '제출', '포함', '비공개', 100, '종료', '2019-08-15 13:18:11'),
('201701967', '201701967-프로그래밍언어개론-8', 'hw08_Cute19_Built-in_Functions', '2019-05-15 00:00:00', '2019-05-29 23:59:00', '1차', '프로그래밍언어개론', 8, '제출', '포함', '비공개', 100, '종료', '2019-08-15 13:18:11'),
('201701967', '201701967-프로그래밍언어개론-9', 'Project : item1', '2019-05-22 00:00:00', '2019-06-02 23:59:00', '1차', '프로그래밍언어개론', 9, '제출', '포함', '비공개', 100, '종료', '2019-08-15 13:18:11'),
('201702040', '201702040-test-123', 'testreport', '2019-03-14 18:00:00', '2019-08-22 23:59:00', '1차', '데이터통신', 1, '미제출', '포함', '비공개', 100, '종료', '2019-08-15 13:18:34'),
('201702040', '201702040-testSubject-1', 'testReport', '2019-03-14 18:00:00', '2019-08-22 23:59:00', '1차', 'testSubject', 1, '미제출', '포함', '비공개', 100, '종료', '2019-08-15 13:18:34'),
('201702040', '201702040-데이터통신-1', 'IPC(Inter-process Communication)', '2019-03-14 18:00:00', '2019-03-27 23:59:00', '1차', '데이터통신', 1, '제출', '포함', '비공개', 100, '종료', '2019-08-15 13:17:20'),
('201702040', '201702040-데이터통신-2', 'Stop&Wait Protocol(1차)', '2019-03-28 18:00:00', '2019-04-11 12:00:00', '1차', '데이터통신', 2, '제출', '포함', '비공개', 100, '종료', '2019-08-15 13:17:20'),
('201702040', '201702040-데이터통신-3', 'Stop&Wait Protocol(2차)', '2019-04-11 18:00:00', '2019-05-01 23:59:00', '1차', '데이터통신', 3, '제출', '포함', '비공개', 100, '종료', '2019-08-15 13:17:20'),
('201702040', '201702040-데이터통신-4', 'Chatting & File Transfer', '2019-05-09 18:00:00', '2019-06-05 23:59:00', '1차', '데이터통신', 4, '제출', '포함', '비공개', 100, '종료', '2019-08-15 13:17:20'),
('201702040', '201702040-영상처리-1', '영상처리 1주차 실습', '2019-03-11 19:00:00', '2019-03-17 23:59:00', '1차', '영상처리', 1, '제출', '포함', '비공개', 100, '종료', '2019-08-15 13:17:09'),
('201702040', '201702040-영상처리-10', '영상처리 11주차 실습', '2019-06-03 18:00:00', '2019-06-10 23:59:00', '1차', '영상처리', 10, '제출', '포함', '비공개', 100, '종료', '2019-08-15 13:17:09'),
('201702040', '201702040-영상처리-2', '영상처리 2주차 실습', '2019-03-18 18:00:00', '2019-03-24 23:59:00', '1차', '영상처리', 2, '제출', '포함', '비공개', 100, '종료', '2019-08-15 13:17:09'),
('201702040', '201702040-영상처리-3', '영상처리 3주차 실습', '2019-03-25 00:00:00', '2019-03-31 23:59:00', '1차', '영상처리', 3, '제출', '포함', '비공개', 100, '종료', '2019-08-15 13:17:09'),
('201702040', '201702040-영상처리-4', '영상처리 4주차 실습', '2019-04-01 18:00:00', '2019-04-07 23:59:00', '1차', '영상처리', 4, '제출', '포함', '비공개', 100, '종료', '2019-08-15 13:17:09'),
('201702040', '201702040-영상처리-5', '영상처리 5주차 실습', '2019-04-08 18:00:00', '2019-04-15 18:00:00', '1차', '영상처리', 5, '제출', '포함', '비공개', 100, '종료', '2019-08-15 13:17:09'),
('201702040', '201702040-영상처리-6', '영상처리 6주차 실습', '2019-04-15 18:00:00', '2019-04-29 17:59:00', '1차', '영상처리', 6, '제출', '포함', '비공개', 100, '종료', '2019-08-15 13:17:09'),
('201702040', '201702040-영상처리-7', '영상처리 7주차 실습', '2019-04-29 18:00:00', '2019-05-13 17:59:00', '1차', '영상처리', 7, '제출', '포함', '비공개', 100, '종료', '2019-08-15 13:17:09'),
('201702040', '201702040-영상처리-8', '영상처리 9주차 실습', '2019-05-20 00:00:00', '2019-06-03 17:59:00', '1차', '영상처리', 8, '제출', '포함', '비공개', 100, '종료', '2019-08-15 13:17:09'),
('201702040', '201702040-영상처리-9', '영상처리 10주차 실습', '2019-05-27 18:00:00', '2019-06-03 17:59:00', '1차', '영상처리', 9, '제출', '포함', '비공개', 100, '종료', '2019-08-15 13:17:09'),
('201702040', '201702040-운영체제및실습-1', '운영체제_실습_과제1', '2019-03-21 00:00:00', '2019-03-27 10:00:00', '1차', '운영체제및실습', 1, '제출', '포함', '비공개', 100, '종료', '2019-08-15 13:16:45'),
('201702040', '201702040-운영체제및실습-2', '운영체제_실습_과제2', '2019-03-27 12:00:00', '2019-04-03 10:00:00', '1차', '운영체제및실습', 2, '제출', '포함', '비공개', 100, '종료', '2019-08-15 13:16:46'),
('201702040', '201702040-운영체제및실습-3', '운영체제_실습_과제3', '2019-04-03 14:00:00', '2019-04-10 10:00:00', '1차', '운영체제및실습', 3, '제출', '포함', '비공개', 100, '종료', '2019-08-15 13:16:46'),
('201702040', '201702040-운영체제및실습-4', '운영체제_실습_과제4', '2019-04-10 12:00:00', '2019-04-17 10:00:00', '1차', '운영체제및실습', 4, '제출', '포함', '비공개', 100, '종료', '2019-08-15 13:16:46'),
('201702040', '201702040-운영체제및실습-5', '운영체제_실습_과제5(Semaphore Programming)', '2019-04-17 10:00:00', '2019-05-01 10:00:00', '1차', '운영체제및실습', 5, '제출', '포함', '비공개', 100, '종료', '2019-08-15 13:16:46'),
('201702040', '201702040-운영체제및실습-6', '운영체제_실습_과제6', '2019-05-13 00:00:00', '2019-05-22 10:00:00', '1차', '운영체제및실습', 6, '제출', '포함', '비공개', 100, '종료', '2019-08-15 13:16:46'),
('201702040', '201702040-운영체제및실습-7', '운영체제_실습_과제7', '2019-05-15 00:00:00', '2019-05-22 10:00:00', '1차', '운영체제및실습', 7, '제출', '포함', '비공개', 100, '종료', '2019-08-15 13:16:46'),
('201702040', '201702040-운영체제및실습-8', '운영체제_과제8', '2019-05-22 10:00:00', '2019-05-29 10:00:00', '1차', '운영체제및실습', 8, '제출', '포함', '비공개', 100, '종료', '2019-08-15 13:16:46'),
('201702040', '201702040-운영체제및실습-9', '운영체제_실습_과제9', '2019-06-05 00:00:00', '2019-06-12 10:00:00', '1차', '운영체제및실습', 9, '제출', '포함', '비공개', 100, '종료', '2019-08-15 13:16:46'),
('201702040', '201702040-웹프로그래밍-1', 'HW1', '2019-04-10 15:00:00', '2019-05-05 23:59:00', '1차', '웹프로그래밍', 1, '제출', '포함', '비공개', 100, '종료', '2019-08-15 13:17:32'),
('201702040', '201702040-웹프로그래밍-2', '중간고사', '2019-05-11 14:00:00', '2019-05-11 18:00:00', '1차', '웹프로그래밍', 2, '미제출', '미포함', '비공개', 100, '종료', '2019-08-15 13:17:32'),
('201702040', '201702040-웹프로그래밍-3', 'Term Project : 설계I', '2019-05-15 15:00:00', '2019-05-29 23:59:00', '1차', '웹프로그래밍', 3, '제출', '포함', '비공개', 15, '종료', '2019-08-15 13:17:32'),
('201702040', '201702040-웹프로그래밍-4', 'HW2', '2019-05-29 15:00:00', '2019-06-12 23:59:00', '1차', '웹프로그래밍', 4, '제출', '포함', '비공개', 100, '종료', '2019-08-15 13:17:32'),
('201702040', '201702040-웹프로그래밍-5', 'Term Project : 설계II', '2019-05-30 00:00:00', '2019-06-05 23:59:00', '1차', '웹프로그래밍', 5, '제출', '포함', '비공개', 100, '종료', '2019-08-15 13:17:32'),
('201702040', '201702040-웹프로그래밍-6', '기말고사', '2019-06-15 15:00:00', '2019-06-15 19:00:00', '1차', '웹프로그래밍', 6, '제출', '포함', '비공개', 100, '종료', '2019-08-15 13:17:32'),
('201702040', '201702040-웹프로그래밍-7', 'Term Project : 구현 코드 및 최종 보고서', '2019-06-06 00:00:00', '2019-06-18 23:59:00', '1차', '웹프로그래밍', 7, '제출', '포함', '비공개', 100, '종료', '2019-08-15 13:17:32'),
('201702040', '201702040-자료구조-1', '실습 2주차(첫 과제)', '2019-03-12 00:00:00', '2019-03-19 23:59:00', '1차', '자료구조', 1, '제출', '포함', '비공개', 100, '종료', '2019-08-15 13:16:57'),
('201702040', '201702040-자료구조-10', '실습 11주차', '2019-05-21 14:00:00', '2019-05-28 13:59:00', '1차', '자료구조', 10, '제출', '포함', '비공개', 100, '종료', '2019-08-15 13:16:57'),
('201702040', '201702040-자료구조-11', '실습 12주차', '2019-05-28 14:00:00', '2019-06-04 13:59:00', '1차', '자료구조', 11, '제출', '포함', '비공개', 100, '종료', '2019-08-15 13:16:58'),
('201702040', '201702040-자료구조-12', '실습 13주차', '2019-06-04 14:00:00', '2019-06-11 13:59:00', '1차', '자료구조', 12, '제출', '포함', '비공개', 100, '종료', '2019-08-15 13:16:58'),
('201702040', '201702040-자료구조-2', '실습 3주차', '2019-03-19 14:00:00', '2019-03-26 23:59:00', '1차', '자료구조', 2, '제출', '포함', '비공개', 100, '종료', '2019-08-15 13:16:57'),
('201702040', '201702040-자료구조-3', '실습4주차', '2019-03-26 00:00:00', '2019-04-02 23:59:00', '1차', '자료구조', 3, '제출', '포함', '비공개', 100, '종료', '2019-08-15 13:16:57'),
('201702040', '201702040-자료구조-4', '실습 5주차', '2019-04-02 00:00:00', '2019-04-09 23:59:00', '1차', '자료구조', 4, '제출', '포함', '비공개', 100, '종료', '2019-08-15 13:16:57'),
('201702040', '201702040-자료구조-5', '실습 6주차', '2019-04-09 00:00:00', '2019-04-16 23:59:00', '1차', '자료구조', 5, '제출', '포함', '비공개', 130, '종료', '2019-08-15 13:16:57'),
('201702040', '201702040-자료구조-6', '실습 7주차', '2019-04-16 00:00:00', '2019-04-23 13:59:00', '1차', '자료구조', 6, '제출', '포함', '비공개', 100, '종료', '2019-08-15 13:16:57'),
('201702040', '201702040-자료구조-7', '실습 8주차', '2019-04-23 00:00:00', '2019-04-30 13:59:00', '1차', '자료구조', 7, '제출', '포함', '비공개', 100, '종료', '2019-08-15 13:16:57'),
('201702040', '201702040-자료구조-8', '실습 9주차', '2019-05-07 00:00:00', '2019-05-14 13:59:00', '1차', '자료구조', 8, '제출', '포함', '비공개', 100, '종료', '2019-08-15 13:16:57'),
('201702040', '201702040-자료구조-9', '실습 10주차', '2019-05-14 00:00:00', '2019-05-21 13:59:00', '1차', '자료구조', 9, '제출', '포함', '비공개', 100, '종료', '2019-08-15 13:16:57'),
('201702040', '201702040-프로그래밍언어개론-1', 'HW01', '2019-03-05 00:00:00', '2019-03-12 23:59:00', '1차', '프로그래밍언어개론', 1, '제출', '포함', '비공개', 100, '종료', '2019-08-15 13:16:33'),
('201702040', '201702040-프로그래밍언어개론-10', 'Item 2', '2019-05-22 00:00:00', '2019-06-09 23:59:00', '1차', '프로그래밍언어개론', 10, '미제출', '미포함', '비공개', 100, '종료', '2019-08-15 13:16:33'),
('201702040', '201702040-프로그래밍언어개론-11', 'Item 3', '2019-05-22 00:00:00', '2019-06-19 23:59:00', '1차', '프로그래밍언어개론', 11, '미제출', '미포함', '비공개', 100, '종료', '2019-08-15 13:16:33'),
('201702040', '201702040-프로그래밍언어개론-2', 'HW02', '2019-03-13 00:00:00', '2019-03-19 23:59:00', '1차', '프로그래밍언어개론', 2, '제출', '포함', '비공개', 100, '종료', '2019-08-15 13:16:33'),
('201702040', '201702040-프로그래밍언어개론-3', 'HW03', '2019-03-20 00:00:00', '2019-04-04 23:59:00', '1차', '프로그래밍언어개론', 3, '제출', '포함', '비공개', 100, '종료', '2019-08-15 13:16:33'),
('201702040', '201702040-프로그래밍언어개론-4', 'HW04', '2019-04-03 00:00:00', '2019-04-18 23:59:00', '1차', '프로그래밍언어개론', 4, '제출', '포함', '비공개', 100, '종료', '2019-08-15 13:16:33'),
('201702040', '201702040-프로그래밍언어개론-5', 'HW05', '2019-04-10 00:00:00', '2019-04-18 23:59:00', '1차', '프로그래밍언어개론', 5, '제출', '포함', '비공개', 100, '종료', '2019-08-15 13:16:33'),
('201702040', '201702040-프로그래밍언어개론-6', '(4/18 12:00 수정)HW06', '2019-04-17 00:00:00', '2019-05-02 23:59:00', '1차', '프로그래밍언어개론', 6, '제출', '포함', '비공개', 100, '종료', '2019-08-15 13:16:33'),
('201702040', '201702040-프로그래밍언어개론-7', 'HW07', '2019-05-01 00:00:00', '2019-05-10 23:59:00', '1차', '프로그래밍언어개론', 7, '제출', '포함', '비공개', 100, '종료', '2019-08-15 13:16:33'),
('201702040', '201702040-프로그래밍언어개론-8', 'HW08', '2019-05-15 00:00:00', '2019-05-29 23:59:00', '1차', '프로그래밍언어개론', 8, '제출', '포함', '비공개', 100, '종료', '2019-08-15 13:16:33'),
('201702040', '201702040-프로그래밍언어개론-9', 'Item 1', '2019-05-22 00:00:00', '2019-06-02 23:59:00', '1차', '프로그래밍언어개론', 9, '제출', '포함', '비공개', 100, '종료', '2019-08-15 13:16:33'),
('201702047', '201702047-데이터통신-1', 'IPC(Inter-process Communication)', '2019-03-14 18:00:00', '2019-03-27 23:59:00', '1차', '데이터통신', 1, '제출', '포함', '비공개', 100, '종료', '2019-08-15 13:19:58'),
('201702047', '201702047-데이터통신-2', 'Stop&Wait Protocol(1차)', '2019-03-28 18:00:00', '2019-04-11 12:00:00', '1차', '데이터통신', 2, '제출', '포함', '비공개', 100, '종료', '2019-08-15 13:19:58'),
('201702047', '201702047-데이터통신-3', 'Stop&Wait Protocol(2차)', '2019-04-11 18:00:00', '2019-05-01 23:59:00', '1차', '데이터통신', 3, '제출', '포함', '비공개', 100, '종료', '2019-08-15 13:19:58'),
('201702047', '201702047-데이터통신-4', 'Chatting & File Transfer', '2019-05-09 18:00:00', '2019-06-05 23:59:00', '1차', '데이터통신', 4, '제출', '포함', '비공개', 100, '종료', '2019-08-15 13:19:58'),
('201702047', '201702047-실전코딩-1', '2019 실전코딩 1주차 과제 안내', '2019-03-05 00:00:00', '2019-03-10 23:59:00', '1차', '실전코딩', 1, '미제출', '미포함', '비공개', 100, '종료', '2019-08-15 13:19:47'),
('201702047', '201702047-영상처리-1', '영상처리 1주차 실습', '2019-03-11 19:00:00', '2019-03-17 23:59:00', '1차', '영상처리', 1, '제출', '포함', '비공개', 100, '종료', '2019-08-15 13:20:20'),
('201702047', '201702047-영상처리-10', '영상처리 11주차 실습', '2019-06-03 18:00:00', '2019-06-10 23:59:00', '1차', '영상처리', 10, '제출', '포함', '비공개', 100, '종료', '2019-08-15 13:20:21'),
('201702047', '201702047-영상처리-2', '영상처리 2주차 실습', '2019-03-18 18:00:00', '2019-03-24 23:59:00', '1차', '영상처리', 2, '제출', '포함', '비공개', 100, '종료', '2019-08-15 13:20:20'),
('201702047', '201702047-영상처리-3', '영상처리 3주차 실습', '2019-03-25 00:00:00', '2019-03-31 23:59:00', '1차', '영상처리', 3, '제출', '포함', '비공개', 100, '종료', '2019-08-15 13:20:21'),
('201702047', '201702047-영상처리-4', '영상처리 4주차 실습', '2019-04-01 18:00:00', '2019-04-07 23:59:00', '1차', '영상처리', 4, '제출', '포함', '비공개', 100, '종료', '2019-08-15 13:20:21'),
('201702047', '201702047-영상처리-5', '영상처리 5주차 실습', '2019-04-08 18:00:00', '2019-04-15 18:00:00', '1차', '영상처리', 5, '제출', '포함', '비공개', 100, '종료', '2019-08-15 13:20:21'),
('201702047', '201702047-영상처리-6', '영상처리 6주차 실습', '2019-04-15 18:00:00', '2019-04-29 17:59:00', '1차', '영상처리', 6, '제출', '포함', '비공개', 100, '종료', '2019-08-15 13:20:21'),
('201702047', '201702047-영상처리-7', '영상처리 7주차 실습', '2019-04-29 18:00:00', '2019-05-13 17:59:00', '1차', '영상처리', 7, '제출', '포함', '비공개', 100, '종료', '2019-08-15 13:20:21'),
('201702047', '201702047-영상처리-8', '영상처리 9주차 실습', '2019-05-20 00:00:00', '2019-06-03 17:59:00', '1차', '영상처리', 8, '제출', '포함', '비공개', 100, '종료', '2019-08-15 13:20:21'),
('201702047', '201702047-영상처리-9', '영상처리 10주차 실습', '2019-05-27 18:00:00', '2019-06-03 17:59:00', '1차', '영상처리', 9, '제출', '포함', '비공개', 100, '종료', '2019-08-15 13:20:21'),
('201702047', '201702047-운영체제및실습-1', '운영체제_실습_과제1', '2019-03-21 00:00:00', '2019-03-27 10:00:00', '1차', '운영체제및실습', 1, '제출', '포함', '비공개', 100, '종료', '2019-08-15 13:20:09'),
('201702047', '201702047-운영체제및실습-2', '운영체제_실습_과제2', '2019-03-27 12:00:00', '2019-04-03 10:00:00', '1차', '운영체제및실습', 2, '제출', '포함', '비공개', 100, '종료', '2019-08-15 13:20:09'),
('201702047', '201702047-운영체제및실습-3', '운영체제_실습_과제3', '2019-04-03 14:00:00', '2019-04-10 10:00:00', '1차', '운영체제및실습', 3, '제출', '포함', '비공개', 100, '종료', '2019-08-15 13:20:09'),
('201702047', '201702047-운영체제및실습-4', '운영체제_실습_과제4', '2019-04-10 12:00:00', '2019-04-17 10:00:00', '1차', '운영체제및실습', 4, '제출', '포함', '비공개', 100, '종료', '2019-08-15 13:20:09'),
('201702047', '201702047-운영체제및실습-5', '운영체제_실습_과제5(Semaphore Programming)', '2019-04-17 10:00:00', '2019-05-01 10:00:00', '1차', '운영체제및실습', 5, '제출', '포함', '비공개', 100, '종료', '2019-08-15 13:20:09'),
('201702047', '201702047-운영체제및실습-6', '운영체제_실습_과제6', '2019-05-13 00:00:00', '2019-05-22 10:00:00', '1차', '운영체제및실습', 6, '제출', '포함', '비공개', 100, '종료', '2019-08-15 13:20:09'),
('201702047', '201702047-운영체제및실습-7', '운영체제_실습_과제7', '2019-05-15 00:00:00', '2019-05-22 10:00:00', '1차', '운영체제및실습', 7, '제출', '포함', '비공개', 100, '종료', '2019-08-15 13:20:09'),
('201702047', '201702047-운영체제및실습-8', '운영체제_과제8', '2019-05-22 10:00:00', '2019-05-29 10:00:00', '1차', '운영체제및실습', 8, '제출', '포함', '비공개', 100, '종료', '2019-08-15 13:20:09'),
('201702047', '201702047-운영체제및실습-9', '운영체제_실습_과제9', '2019-06-05 00:00:00', '2019-06-12 10:00:00', '1차', '운영체제및실습', 9, '제출', '포함', '비공개', 100, '종료', '2019-08-15 13:20:09'),
('201702047', '201702047-프로그래밍언어개론-1', 'hw01_recursion', '2019-03-05 00:00:00', '2019-03-12 23:59:00', '1차', '프로그래밍언어개론', 1, '제출', '포함', '비공개', 100, '종료', '2019-08-15 13:19:34'),
('201702047', '201702047-프로그래밍언어개론-10', 'item2', '2019-05-22 00:00:00', '2019-06-09 23:59:00', '1차', '프로그래밍언어개론', 10, '제출', '포함', '비공개', 100, '종료', '2019-08-15 13:19:34'),
('201702047', '201702047-프로그래밍언어개론-11', 'item3(option)', '2019-05-22 00:00:00', '2019-06-19 23:59:00', '1차', '프로그래밍언어개론', 11, '제출', '포함', '비공개', 100, '종료', '2019-08-15 13:19:34'),
('201702047', '201702047-프로그래밍언어개론-2', 'hw02_Make_LinkedList', '2019-03-13 00:00:00', '2019-03-19 23:59:00', '1차', '프로그래밍언어개론', 2, '제출', '포함', '비공개', 100, '종료', '2019-08-15 13:19:34'),
('201702047', '201702047-프로그래밍언어개론-3', 'hw03_Reconizing_Token', '2019-03-20 00:00:00', '2019-04-04 23:59:00', '1차', '프로그래밍언어개론', 3, '제출', '포함', '비공개', 100, '종료', '2019-08-15 13:19:34'),
('201702047', '201702047-프로그래밍언어개론-4', 'hw04_Cute19_Scanner', '2019-04-03 00:00:00', '2019-04-18 23:59:00', '1차', '프로그래밍언어개론', 4, '제출', '포함', '비공개', 100, '종료', '2019-08-15 13:19:34'),
('201702047', '201702047-프로그래밍언어개론-5', 'hw05_Node_Max_Sum', '2019-04-10 00:00:00', '2019-04-18 23:59:00', '1차', '프로그래밍언어개론', 5, '제출', '포함', '비공개', 100, '종료', '2019-08-15 13:19:34'),
('201702047', '201702047-프로그래밍언어개론-6', 'hw06_Cute19_List_Parser', '2019-04-17 00:00:00', '2019-05-02 23:59:00', '1차', '프로그래밍언어개론', 6, '제출', '포함', '비공개', 100, '종료', '2019-08-15 13:19:34'),
('201702047', '201702047-프로그래밍언어개론-7', 'hw07_Cute19_List_Parser2', '2019-05-01 00:00:00', '2019-05-10 23:59:00', '1차', '프로그래밍언어개론', 7, '제출', '포함', '비공개', 100, '종료', '2019-08-15 13:19:34'),
('201702047', '201702047-프로그래밍언어개론-8', 'hw08_Cute19_Built-in Function', '2019-05-15 00:00:00', '2019-05-29 23:59:00', '1차', '프로그래밍언어개론', 8, '제출', '포함', '비공개', 100, '종료', '2019-08-15 13:19:34'),
('201702047', '201702047-프로그래밍언어개론-9', 'item1', '2019-05-22 00:00:00', '2019-06-02 23:59:00', '1차', '프로그래밍언어개론', 9, '제출', '포함', '비공개', 100, '종료', '2019-08-15 13:19:34');

-- --------------------------------------------------------

--
-- 테이블 구조 `token`
--

CREATE TABLE `token` (
  `id` varchar(11) NOT NULL,
  `token` varchar(200) DEFAULT NULL
) ENGINE=InnoDB DEFAULT CHARSET=utf8;

--
-- 테이블의 덤프 데이터 `token`
--

INSERT INTO `token` (`id`, `token`) VALUES
('201702040', 'f27-UrhUHa0:APA91bGkN8D245wpw67mjG7QPpoPYFJwDBTXR6ulLtevdLoEGIymiEywDL_Sv_EeW4ZSyusBAHu4OnHX3Cfza274FjX4_NhG81P8SPxY0nOBjlTAXGv5XarkQxwccJEcz-AiNM5qXe3J');

--
-- 덤프된 테이블의 인덱스
--

--
-- 테이블의 인덱스 `alarm`
--
ALTER TABLE `alarm`
  ADD UNIQUE KEY `seq_UNIQUE` (`seq`);

--
-- 테이블의 인덱스 `lectures`
--
ALTER TABLE `lectures`
  ADD PRIMARY KEY (`id`),
  ADD UNIQUE KEY `id` (`id`);

--
-- 테이블의 인덱스 `reports`
--
ALTER TABLE `reports`
  ADD PRIMARY KEY (`id`),
  ADD UNIQUE KEY `id` (`id`);

--
-- 테이블의 인덱스 `token`
--
ALTER TABLE `token`
  ADD PRIMARY KEY (`id`);

--
-- 덤프된 테이블의 AUTO_INCREMENT
--

--
-- 테이블의 AUTO_INCREMENT `alarm`
--
ALTER TABLE `alarm`
  MODIFY `seq` int(11) NOT NULL AUTO_INCREMENT, AUTO_INCREMENT=12;--
-- 데이터베이스: `phpmyadmin`
--
CREATE DATABASE IF NOT EXISTS `phpmyadmin` DEFAULT CHARACTER SET utf8 COLLATE utf8_unicode_ci;
USE `phpmyadmin`;

-- --------------------------------------------------------

--
-- 테이블 구조 `pma__bookmark`
--

CREATE TABLE `pma__bookmark` (
  `id` int(11) NOT NULL,
  `dbase` varchar(255) COLLATE utf8_bin NOT NULL DEFAULT '',
  `user` varchar(255) COLLATE utf8_bin NOT NULL DEFAULT '',
  `label` varchar(255) CHARACTER SET utf8 NOT NULL DEFAULT '',
  `query` text COLLATE utf8_bin NOT NULL
) ENGINE=InnoDB DEFAULT CHARSET=utf8 COLLATE=utf8_bin COMMENT='Bookmarks';

-- --------------------------------------------------------

--
-- 테이블 구조 `pma__central_columns`
--

CREATE TABLE `pma__central_columns` (
  `db_name` varchar(64) COLLATE utf8_bin NOT NULL,
  `col_name` varchar(64) COLLATE utf8_bin NOT NULL,
  `col_type` varchar(64) COLLATE utf8_bin NOT NULL,
  `col_length` text COLLATE utf8_bin,
  `col_collation` varchar(64) COLLATE utf8_bin NOT NULL,
  `col_isNull` tinyint(1) NOT NULL,
  `col_extra` varchar(255) COLLATE utf8_bin DEFAULT '',
  `col_default` text COLLATE utf8_bin
) ENGINE=InnoDB DEFAULT CHARSET=utf8 COLLATE=utf8_bin COMMENT='Central list of columns';

-- --------------------------------------------------------

--
-- 테이블 구조 `pma__column_info`
--

CREATE TABLE `pma__column_info` (
  `id` int(5) UNSIGNED NOT NULL,
  `db_name` varchar(64) COLLATE utf8_bin NOT NULL DEFAULT '',
  `table_name` varchar(64) COLLATE utf8_bin NOT NULL DEFAULT '',
  `column_name` varchar(64) COLLATE utf8_bin NOT NULL DEFAULT '',
  `comment` varchar(255) CHARACTER SET utf8 NOT NULL DEFAULT '',
  `mimetype` varchar(255) CHARACTER SET utf8 NOT NULL DEFAULT '',
  `transformation` varchar(255) COLLATE utf8_bin NOT NULL DEFAULT '',
  `transformation_options` varchar(255) COLLATE utf8_bin NOT NULL DEFAULT '',
  `input_transformation` varchar(255) COLLATE utf8_bin NOT NULL DEFAULT '',
  `input_transformation_options` varchar(255) COLLATE utf8_bin NOT NULL DEFAULT ''
) ENGINE=InnoDB DEFAULT CHARSET=utf8 COLLATE=utf8_bin COMMENT='Column information for phpMyAdmin';

-- --------------------------------------------------------

--
-- 테이블 구조 `pma__designer_settings`
--

CREATE TABLE `pma__designer_settings` (
  `username` varchar(64) COLLATE utf8_bin NOT NULL,
  `settings_data` text COLLATE utf8_bin NOT NULL
) ENGINE=InnoDB DEFAULT CHARSET=utf8 COLLATE=utf8_bin COMMENT='Settings related to Designer';

-- --------------------------------------------------------

--
-- 테이블 구조 `pma__export_templates`
--

CREATE TABLE `pma__export_templates` (
  `id` int(5) UNSIGNED NOT NULL,
  `username` varchar(64) COLLATE utf8_bin NOT NULL,
  `export_type` varchar(10) COLLATE utf8_bin NOT NULL,
  `template_name` varchar(64) COLLATE utf8_bin NOT NULL,
  `template_data` text COLLATE utf8_bin NOT NULL
) ENGINE=InnoDB DEFAULT CHARSET=utf8 COLLATE=utf8_bin COMMENT='Saved export templates';

--
-- 테이블의 덤프 데이터 `pma__export_templates`
--

INSERT INTO `pma__export_templates` (`id`, `username`, `export_type`, `template_name`, `template_data`) VALUES
(1, 'root', 'database', 'eLearn', '{\"quick_or_custom\":\"quick\",\"what\":\"sql\",\"structure_or_data_forced\":\"0\",\"table_select[]\":[\"lectures\",\"Login\",\"notices\",\"reports\"],\"table_structure[]\":[\"lectures\",\"Login\",\"notices\",\"reports\"],\"table_data[]\":[\"lectures\",\"Login\",\"notices\",\"reports\"],\"output_format\":\"sendit\",\"filename_template\":\"@DATABASE@\",\"remember_template\":\"on\",\"charset\":\"utf-8\",\"compression\":\"none\",\"maxsize\":\"\",\"yaml_structure_or_data\":\"data\",\"csv_separator\":\",\",\"csv_enclosed\":\"\\\"\",\"csv_escaped\":\"\\\"\",\"csv_terminated\":\"AUTO\",\"csv_null\":\"NULL\",\"csv_structure_or_data\":\"data\",\"sql_include_comments\":\"something\",\"sql_header_comment\":\"\",\"sql_compatibility\":\"NONE\",\"sql_structure_or_data\":\"structure_and_data\",\"sql_create_table\":\"something\",\"sql_auto_increment\":\"something\",\"sql_create_view\":\"something\",\"sql_procedure_function\":\"something\",\"sql_create_trigger\":\"something\",\"sql_backquotes\":\"something\",\"sql_type\":\"INSERT\",\"sql_insert_syntax\":\"both\",\"sql_max_query_size\":\"50000\",\"sql_hex_for_binary\":\"something\",\"sql_utc_time\":\"something\",\"odt_structure_or_data\":\"structure_and_data\",\"odt_relation\":\"something\",\"odt_comments\":\"something\",\"odt_mime\":\"something\",\"odt_columns\":\"something\",\"odt_null\":\"NULL\",\"ods_null\":\"NULL\",\"ods_structure_or_data\":\"data\",\"latex_caption\":\"something\",\"latex_structure_or_data\":\"structure_and_data\",\"latex_structure_caption\":\"@TABLE@ 테이블 구조\",\"latex_structure_continued_caption\":\"@TABLE@ 테이블 구조 (continued)\",\"latex_structure_label\":\"tab:@TABLE@-structure\",\"latex_relation\":\"something\",\"latex_comments\":\"something\",\"latex_mime\":\"something\",\"latex_columns\":\"something\",\"latex_data_caption\":\"Content of table @TABLE@\",\"latex_data_continued_caption\":\"Content of table @TABLE@ (continued)\",\"latex_data_label\":\"tab:@TABLE@-data\",\"latex_null\":\"\\\\textit{NULL}\",\"texytext_structure_or_data\":\"structure_and_data\",\"texytext_null\":\"NULL\",\"codegen_structure_or_data\":\"data\",\"codegen_format\":\"0\",\"mediawiki_structure_or_data\":\"structure_and_data\",\"mediawiki_caption\":\"something\",\"mediawiki_headers\":\"something\",\"pdf_report_title\":\"\",\"pdf_structure_or_data\":\"structure_and_data\",\"xml_structure_or_data\":\"data\",\"xml_export_events\":\"something\",\"xml_export_functions\":\"something\",\"xml_export_procedures\":\"something\",\"xml_export_tables\":\"something\",\"xml_export_triggers\":\"something\",\"xml_export_views\":\"something\",\"xml_export_contents\":\"something\",\"htmlword_structure_or_data\":\"structure_and_data\",\"htmlword_null\":\"NULL\",\"excel_null\":\"NULL\",\"excel_edition\":\"win\",\"excel_structure_or_data\":\"data\",\"phparray_structure_or_data\":\"data\",\"json_structure_or_data\":\"data\",\"\":null,\"lock_tables\":null,\"as_separate_files\":null,\"csv_removeCRLF\":null,\"csv_columns\":null,\"sql_dates\":null,\"sql_relation\":null,\"sql_mime\":null,\"sql_use_transaction\":null,\"sql_disable_fk\":null,\"sql_views_as_tables\":null,\"sql_metadata\":null,\"sql_create_database\":null,\"sql_drop_table\":null,\"sql_if_not_exists\":null,\"sql_truncate\":null,\"sql_delayed\":null,\"sql_ignore\":null,\"ods_columns\":null,\"texytext_columns\":null,\"htmlword_columns\":null,\"excel_removeCRLF\":null,\"excel_columns\":null,\"json_pretty_print\":null}'),
(2, 'ubuntu', 'database', 'eLearn', '{\"quick_or_custom\":\"quick\",\"what\":\"sql\",\"structure_or_data_forced\":\"0\",\"table_select[]\":[\"alarm\",\"lectures\",\"Login\",\"notices\",\"reports\"],\"table_structure[]\":[\"alarm\",\"lectures\",\"Login\",\"notices\",\"reports\"],\"table_data[]\":[\"alarm\",\"lectures\",\"Login\",\"notices\",\"reports\"],\"output_format\":\"sendit\",\"filename_template\":\"@DATABASE@\",\"remember_template\":\"on\",\"charset\":\"utf-8\",\"compression\":\"none\",\"maxsize\":\"\",\"yaml_structure_or_data\":\"data\",\"csv_separator\":\",\",\"csv_enclosed\":\"\\\"\",\"csv_escaped\":\"\\\"\",\"csv_terminated\":\"AUTO\",\"csv_null\":\"NULL\",\"csv_structure_or_data\":\"data\",\"sql_include_comments\":\"something\",\"sql_header_comment\":\"\",\"sql_compatibility\":\"NONE\",\"sql_structure_or_data\":\"structure_and_data\",\"sql_create_table\":\"something\",\"sql_auto_increment\":\"something\",\"sql_create_view\":\"something\",\"sql_procedure_function\":\"something\",\"sql_create_trigger\":\"something\",\"sql_backquotes\":\"something\",\"sql_type\":\"INSERT\",\"sql_insert_syntax\":\"both\",\"sql_max_query_size\":\"50000\",\"sql_hex_for_binary\":\"something\",\"sql_utc_time\":\"something\",\"odt_structure_or_data\":\"structure_and_data\",\"odt_relation\":\"something\",\"odt_comments\":\"something\",\"odt_mime\":\"something\",\"odt_columns\":\"something\",\"odt_null\":\"NULL\",\"ods_null\":\"NULL\",\"ods_structure_or_data\":\"data\",\"latex_caption\":\"something\",\"latex_structure_or_data\":\"structure_and_data\",\"latex_structure_caption\":\"@TABLE@ 테이블 구조\",\"latex_structure_continued_caption\":\"@TABLE@ 테이블 구조 (continued)\",\"latex_structure_label\":\"tab:@TABLE@-structure\",\"latex_relation\":\"something\",\"latex_comments\":\"something\",\"latex_mime\":\"something\",\"latex_columns\":\"something\",\"latex_data_caption\":\"Content of table @TABLE@\",\"latex_data_continued_caption\":\"Content of table @TABLE@ (continued)\",\"latex_data_label\":\"tab:@TABLE@-data\",\"latex_null\":\"\\\\textit{NULL}\",\"texytext_structure_or_data\":\"structure_and_data\",\"texytext_null\":\"NULL\",\"codegen_structure_or_data\":\"data\",\"codegen_format\":\"0\",\"mediawiki_structure_or_data\":\"structure_and_data\",\"mediawiki_caption\":\"something\",\"mediawiki_headers\":\"something\",\"pdf_report_title\":\"\",\"pdf_structure_or_data\":\"structure_and_data\",\"xml_structure_or_data\":\"data\",\"xml_export_events\":\"something\",\"xml_export_functions\":\"something\",\"xml_export_procedures\":\"something\",\"xml_export_tables\":\"something\",\"xml_export_triggers\":\"something\",\"xml_export_views\":\"something\",\"xml_export_contents\":\"something\",\"htmlword_structure_or_data\":\"structure_and_data\",\"htmlword_null\":\"NULL\",\"excel_null\":\"NULL\",\"excel_edition\":\"win\",\"excel_structure_or_data\":\"data\",\"phparray_structure_or_data\":\"data\",\"json_structure_or_data\":\"data\",\"\":null,\"lock_tables\":null,\"as_separate_files\":null,\"csv_removeCRLF\":null,\"csv_columns\":null,\"sql_dates\":null,\"sql_relation\":null,\"sql_mime\":null,\"sql_use_transaction\":null,\"sql_disable_fk\":null,\"sql_views_as_tables\":null,\"sql_metadata\":null,\"sql_create_database\":null,\"sql_drop_table\":null,\"sql_if_not_exists\":null,\"sql_truncate\":null,\"sql_delayed\":null,\"sql_ignore\":null,\"ods_columns\":null,\"texytext_columns\":null,\"htmlword_columns\":null,\"excel_removeCRLF\":null,\"excel_columns\":null,\"json_pretty_print\":null}'),
(3, 'ubuntu', 'server', 'eLearn', '{\"quick_or_custom\":\"quick\",\"what\":\"sql\",\"db_select[]\":[\"PLEASE_READ_ME_VVV\",\"eLearn\",\"phpmyadmin\"],\"output_format\":\"sendit\",\"filename_template\":\"@SERVER@\",\"remember_template\":\"on\",\"charset\":\"utf-8\",\"compression\":\"none\",\"maxsize\":\"\",\"yaml_structure_or_data\":\"data\",\"csv_separator\":\",\",\"csv_enclosed\":\"\\\"\",\"csv_escaped\":\"\\\"\",\"csv_terminated\":\"AUTO\",\"csv_null\":\"NULL\",\"csv_structure_or_data\":\"data\",\"sql_include_comments\":\"something\",\"sql_header_comment\":\"\",\"sql_compatibility\":\"NONE\",\"sql_structure_or_data\":\"structure_and_data\",\"sql_create_table\":\"something\",\"sql_auto_increment\":\"something\",\"sql_create_view\":\"something\",\"sql_create_trigger\":\"something\",\"sql_backquotes\":\"something\",\"sql_type\":\"INSERT\",\"sql_insert_syntax\":\"both\",\"sql_max_query_size\":\"50000\",\"sql_hex_for_binary\":\"something\",\"sql_utc_time\":\"something\",\"odt_structure_or_data\":\"structure_and_data\",\"odt_relation\":\"something\",\"odt_comments\":\"something\",\"odt_mime\":\"something\",\"odt_columns\":\"something\",\"odt_null\":\"NULL\",\"ods_null\":\"NULL\",\"ods_structure_or_data\":\"data\",\"latex_caption\":\"something\",\"latex_structure_or_data\":\"structure_and_data\",\"latex_structure_caption\":\"@TABLE@ 테이블 구조\",\"latex_structure_continued_caption\":\"@TABLE@ 테이블 구조 (continued)\",\"latex_structure_label\":\"tab:@TABLE@-structure\",\"latex_relation\":\"something\",\"latex_comments\":\"something\",\"latex_mime\":\"something\",\"latex_columns\":\"something\",\"latex_data_caption\":\"Content of table @TABLE@\",\"latex_data_continued_caption\":\"Content of table @TABLE@ (continued)\",\"latex_data_label\":\"tab:@TABLE@-data\",\"latex_null\":\"\\\\textit{NULL}\",\"texytext_structure_or_data\":\"structure_and_data\",\"texytext_null\":\"NULL\",\"codegen_structure_or_data\":\"data\",\"codegen_format\":\"0\",\"mediawiki_structure_or_data\":\"data\",\"mediawiki_caption\":\"something\",\"mediawiki_headers\":\"something\",\"pdf_report_title\":\"\",\"pdf_structure_or_data\":\"data\",\"htmlword_structure_or_data\":\"structure_and_data\",\"htmlword_null\":\"NULL\",\"excel_null\":\"NULL\",\"excel_edition\":\"win\",\"excel_structure_or_data\":\"data\",\"phparray_structure_or_data\":\"data\",\"json_structure_or_data\":\"data\",\"\":null,\"as_separate_files\":null,\"csv_removeCRLF\":null,\"csv_columns\":null,\"sql_dates\":null,\"sql_relation\":null,\"sql_mime\":null,\"sql_use_transaction\":null,\"sql_disable_fk\":null,\"sql_views_as_tables\":null,\"sql_metadata\":null,\"sql_drop_database\":null,\"sql_drop_table\":null,\"sql_if_not_exists\":null,\"sql_procedure_function\":null,\"sql_truncate\":null,\"sql_delayed\":null,\"sql_ignore\":null,\"ods_columns\":null,\"texytext_columns\":null,\"htmlword_columns\":null,\"excel_removeCRLF\":null,\"excel_columns\":null,\"json_pretty_print\":null}');

-- --------------------------------------------------------

--
-- 테이블 구조 `pma__favorite`
--

CREATE TABLE `pma__favorite` (
  `username` varchar(64) COLLATE utf8_bin NOT NULL,
  `tables` text COLLATE utf8_bin NOT NULL
) ENGINE=InnoDB DEFAULT CHARSET=utf8 COLLATE=utf8_bin COMMENT='Favorite tables';

-- --------------------------------------------------------

--
-- 테이블 구조 `pma__history`
--

CREATE TABLE `pma__history` (
  `id` bigint(20) UNSIGNED NOT NULL,
  `username` varchar(64) COLLATE utf8_bin NOT NULL DEFAULT '',
  `db` varchar(64) COLLATE utf8_bin NOT NULL DEFAULT '',
  `table` varchar(64) COLLATE utf8_bin NOT NULL DEFAULT '',
  `timevalue` timestamp NOT NULL DEFAULT CURRENT_TIMESTAMP,
  `sqlquery` text COLLATE utf8_bin NOT NULL
) ENGINE=InnoDB DEFAULT CHARSET=utf8 COLLATE=utf8_bin COMMENT='SQL history for phpMyAdmin';

-- --------------------------------------------------------

--
-- 테이블 구조 `pma__navigationhiding`
--

CREATE TABLE `pma__navigationhiding` (
  `username` varchar(64) COLLATE utf8_bin NOT NULL,
  `item_name` varchar(64) COLLATE utf8_bin NOT NULL,
  `item_type` varchar(64) COLLATE utf8_bin NOT NULL,
  `db_name` varchar(64) COLLATE utf8_bin NOT NULL,
  `table_name` varchar(64) COLLATE utf8_bin NOT NULL
) ENGINE=InnoDB DEFAULT CHARSET=utf8 COLLATE=utf8_bin COMMENT='Hidden items of navigation tree';

-- --------------------------------------------------------

--
-- 테이블 구조 `pma__pdf_pages`
--

CREATE TABLE `pma__pdf_pages` (
  `db_name` varchar(64) COLLATE utf8_bin NOT NULL DEFAULT '',
  `page_nr` int(10) UNSIGNED NOT NULL,
  `page_descr` varchar(50) CHARACTER SET utf8 NOT NULL DEFAULT ''
) ENGINE=InnoDB DEFAULT CHARSET=utf8 COLLATE=utf8_bin COMMENT='PDF relation pages for phpMyAdmin';

-- --------------------------------------------------------

--
-- 테이블 구조 `pma__recent`
--

CREATE TABLE `pma__recent` (
  `username` varchar(64) COLLATE utf8_bin NOT NULL,
  `tables` text COLLATE utf8_bin NOT NULL
) ENGINE=InnoDB DEFAULT CHARSET=utf8 COLLATE=utf8_bin COMMENT='Recently accessed tables';

--
-- 테이블의 덤프 데이터 `pma__recent`
--

INSERT INTO `pma__recent` (`username`, `tables`) VALUES
('root', '[{\"db\":\"eLearn\",\"table\":\"alarm\"},{\"db\":\"eLearn\",\"table\":\"Login\"},{\"db\":\"eLearn\",\"table\":\"notices\"},{\"db\":\"eLearn\",\"table\":\"reports\"},{\"db\":\"eLearn\",\"table\":\"lectures\"},{\"db\":\"eLearn\",\"table\":\"latestNotice\"}]'),
('ubuntu', '[{\"db\":\"eLearn\",\"table\":\"notices\"},{\"db\":\"eLearn\",\"table\":\"reports\"},{\"db\":\"eLearn\",\"table\":\"alarm\"},{\"db\":\"eLearn\",\"table\":\"lectures\"},{\"db\":\"eLearn\",\"table\":\"token\"}]');

-- --------------------------------------------------------

--
-- 테이블 구조 `pma__relation`
--

CREATE TABLE `pma__relation` (
  `master_db` varchar(64) COLLATE utf8_bin NOT NULL DEFAULT '',
  `master_table` varchar(64) COLLATE utf8_bin NOT NULL DEFAULT '',
  `master_field` varchar(64) COLLATE utf8_bin NOT NULL DEFAULT '',
  `foreign_db` varchar(64) COLLATE utf8_bin NOT NULL DEFAULT '',
  `foreign_table` varchar(64) COLLATE utf8_bin NOT NULL DEFAULT '',
  `foreign_field` varchar(64) COLLATE utf8_bin NOT NULL DEFAULT ''
) ENGINE=InnoDB DEFAULT CHARSET=utf8 COLLATE=utf8_bin COMMENT='Relation table';

-- --------------------------------------------------------

--
-- 테이블 구조 `pma__savedsearches`
--

CREATE TABLE `pma__savedsearches` (
  `id` int(5) UNSIGNED NOT NULL,
  `username` varchar(64) COLLATE utf8_bin NOT NULL DEFAULT '',
  `db_name` varchar(64) COLLATE utf8_bin NOT NULL DEFAULT '',
  `search_name` varchar(64) COLLATE utf8_bin NOT NULL DEFAULT '',
  `search_data` text COLLATE utf8_bin NOT NULL
) ENGINE=InnoDB DEFAULT CHARSET=utf8 COLLATE=utf8_bin COMMENT='Saved searches';

-- --------------------------------------------------------

--
-- 테이블 구조 `pma__table_coords`
--

CREATE TABLE `pma__table_coords` (
  `db_name` varchar(64) COLLATE utf8_bin NOT NULL DEFAULT '',
  `table_name` varchar(64) COLLATE utf8_bin NOT NULL DEFAULT '',
  `pdf_page_number` int(11) NOT NULL DEFAULT '0',
  `x` float UNSIGNED NOT NULL DEFAULT '0',
  `y` float UNSIGNED NOT NULL DEFAULT '0'
) ENGINE=InnoDB DEFAULT CHARSET=utf8 COLLATE=utf8_bin COMMENT='Table coordinates for phpMyAdmin PDF output';

-- --------------------------------------------------------

--
-- 테이블 구조 `pma__table_info`
--

CREATE TABLE `pma__table_info` (
  `db_name` varchar(64) COLLATE utf8_bin NOT NULL DEFAULT '',
  `table_name` varchar(64) COLLATE utf8_bin NOT NULL DEFAULT '',
  `display_field` varchar(64) COLLATE utf8_bin NOT NULL DEFAULT ''
) ENGINE=InnoDB DEFAULT CHARSET=utf8 COLLATE=utf8_bin COMMENT='Table information for phpMyAdmin';

-- --------------------------------------------------------

--
-- 테이블 구조 `pma__table_uiprefs`
--

CREATE TABLE `pma__table_uiprefs` (
  `username` varchar(64) COLLATE utf8_bin NOT NULL,
  `db_name` varchar(64) COLLATE utf8_bin NOT NULL,
  `table_name` varchar(64) COLLATE utf8_bin NOT NULL,
  `prefs` text COLLATE utf8_bin NOT NULL,
  `last_update` timestamp NOT NULL DEFAULT CURRENT_TIMESTAMP ON UPDATE CURRENT_TIMESTAMP
) ENGINE=InnoDB DEFAULT CHARSET=utf8 COLLATE=utf8_bin COMMENT='Tables'' UI preferences';

--
-- 테이블의 덤프 데이터 `pma__table_uiprefs`
--

INSERT INTO `pma__table_uiprefs` (`username`, `db_name`, `table_name`, `prefs`, `last_update`) VALUES
('root', 'eLearn', 'alarm', '{\"sorted_col\":\"`alarm`.`time`  DESC\"}', '2019-08-20 03:10:25'),
('root', 'eLearn', 'lectures', '{\"sorted_col\":\"`end_time` DESC\"}', '2019-08-19 08:43:41'),
('root', 'eLearn', 'notices', '[]', '2019-08-19 14:17:17'),
('root', 'eLearn', 'reports', '{\"sorted_col\":\"`end_time` DESC\"}', '2019-08-16 12:43:05'),
('ubuntu', 'eLearn', 'lectures', '{\"sorted_col\":\"`lectures`.`updated_time` DESC\"}', '2019-08-21 09:47:49'),
('ubuntu', 'eLearn', 'notices', '{\"sorted_col\":\"`notices`.`type` ASC\"}', '2019-08-21 11:13:07'),
('ubuntu', 'eLearn', 'reports', '{\"sorted_col\":\"`end_time` DESC\"}', '2019-08-21 09:45:26');

-- --------------------------------------------------------

--
-- 테이블 구조 `pma__tracking`
--

CREATE TABLE `pma__tracking` (
  `db_name` varchar(64) COLLATE utf8_bin NOT NULL,
  `table_name` varchar(64) COLLATE utf8_bin NOT NULL,
  `version` int(10) UNSIGNED NOT NULL,
  `date_created` datetime NOT NULL,
  `date_updated` datetime NOT NULL,
  `schema_snapshot` text COLLATE utf8_bin NOT NULL,
  `schema_sql` text COLLATE utf8_bin,
  `data_sql` longtext COLLATE utf8_bin,
  `tracking` set('UPDATE','REPLACE','INSERT','DELETE','TRUNCATE','CREATE DATABASE','ALTER DATABASE','DROP DATABASE','CREATE TABLE','ALTER TABLE','RENAME TABLE','DROP TABLE','CREATE INDEX','DROP INDEX','CREATE VIEW','ALTER VIEW','DROP VIEW') COLLATE utf8_bin DEFAULT NULL,
  `tracking_active` int(1) UNSIGNED NOT NULL DEFAULT '1'
) ENGINE=InnoDB DEFAULT CHARSET=utf8 COLLATE=utf8_bin COMMENT='Database changes tracking for phpMyAdmin';

-- --------------------------------------------------------

--
-- 테이블 구조 `pma__userconfig`
--

CREATE TABLE `pma__userconfig` (
  `username` varchar(64) COLLATE utf8_bin NOT NULL,
  `timevalue` timestamp NOT NULL DEFAULT CURRENT_TIMESTAMP ON UPDATE CURRENT_TIMESTAMP,
  `config_data` text COLLATE utf8_bin NOT NULL
) ENGINE=InnoDB DEFAULT CHARSET=utf8 COLLATE=utf8_bin COMMENT='User preferences storage for phpMyAdmin';

--
-- 테이블의 덤프 데이터 `pma__userconfig`
--

INSERT INTO `pma__userconfig` (`username`, `timevalue`, `config_data`) VALUES
('root', '2019-08-25 07:09:11', '{\"IgnoreMultiSubmitErrors\":true,\"Server\\/hide_db\":\"\",\"Server\\/only_db\":\"\",\"collation_connection\":\"utf8mb4_unicode_ci\"}'),
('ubuntu', '2019-08-20 04:41:44', '{\"lang\":\"ko\",\"collation_connection\":\"utf8mb4_unicode_ci\"}');

-- --------------------------------------------------------

--
-- 테이블 구조 `pma__usergroups`
--

CREATE TABLE `pma__usergroups` (
  `usergroup` varchar(64) COLLATE utf8_bin NOT NULL,
  `tab` varchar(64) COLLATE utf8_bin NOT NULL,
  `allowed` enum('Y','N') COLLATE utf8_bin NOT NULL DEFAULT 'N'
) ENGINE=InnoDB DEFAULT CHARSET=utf8 COLLATE=utf8_bin COMMENT='User groups with configured menu items';

-- --------------------------------------------------------

--
-- 테이블 구조 `pma__users`
--

CREATE TABLE `pma__users` (
  `username` varchar(64) COLLATE utf8_bin NOT NULL,
  `usergroup` varchar(64) COLLATE utf8_bin NOT NULL
) ENGINE=InnoDB DEFAULT CHARSET=utf8 COLLATE=utf8_bin COMMENT='Users and their assignments to user groups';

--
-- 덤프된 테이블의 인덱스
--

--
-- 테이블의 인덱스 `pma__bookmark`
--
ALTER TABLE `pma__bookmark`
  ADD PRIMARY KEY (`id`);

--
-- 테이블의 인덱스 `pma__central_columns`
--
ALTER TABLE `pma__central_columns`
  ADD PRIMARY KEY (`db_name`,`col_name`);

--
-- 테이블의 인덱스 `pma__column_info`
--
ALTER TABLE `pma__column_info`
  ADD PRIMARY KEY (`id`),
  ADD UNIQUE KEY `db_name` (`db_name`,`table_name`,`column_name`);

--
-- 테이블의 인덱스 `pma__designer_settings`
--
ALTER TABLE `pma__designer_settings`
  ADD PRIMARY KEY (`username`);

--
-- 테이블의 인덱스 `pma__export_templates`
--
ALTER TABLE `pma__export_templates`
  ADD PRIMARY KEY (`id`),
  ADD UNIQUE KEY `u_user_type_template` (`username`,`export_type`,`template_name`);

--
-- 테이블의 인덱스 `pma__favorite`
--
ALTER TABLE `pma__favorite`
  ADD PRIMARY KEY (`username`);

--
-- 테이블의 인덱스 `pma__history`
--
ALTER TABLE `pma__history`
  ADD PRIMARY KEY (`id`),
  ADD KEY `username` (`username`,`db`,`table`,`timevalue`);

--
-- 테이블의 인덱스 `pma__navigationhiding`
--
ALTER TABLE `pma__navigationhiding`
  ADD PRIMARY KEY (`username`,`item_name`,`item_type`,`db_name`,`table_name`);

--
-- 테이블의 인덱스 `pma__pdf_pages`
--
ALTER TABLE `pma__pdf_pages`
  ADD PRIMARY KEY (`page_nr`),
  ADD KEY `db_name` (`db_name`);

--
-- 테이블의 인덱스 `pma__recent`
--
ALTER TABLE `pma__recent`
  ADD PRIMARY KEY (`username`);

--
-- 테이블의 인덱스 `pma__relation`
--
ALTER TABLE `pma__relation`
  ADD PRIMARY KEY (`master_db`,`master_table`,`master_field`),
  ADD KEY `foreign_field` (`foreign_db`,`foreign_table`);

--
-- 테이블의 인덱스 `pma__savedsearches`
--
ALTER TABLE `pma__savedsearches`
  ADD PRIMARY KEY (`id`),
  ADD UNIQUE KEY `u_savedsearches_username_dbname` (`username`,`db_name`,`search_name`);

--
-- 테이블의 인덱스 `pma__table_coords`
--
ALTER TABLE `pma__table_coords`
  ADD PRIMARY KEY (`db_name`,`table_name`,`pdf_page_number`);

--
-- 테이블의 인덱스 `pma__table_info`
--
ALTER TABLE `pma__table_info`
  ADD PRIMARY KEY (`db_name`,`table_name`);

--
-- 테이블의 인덱스 `pma__table_uiprefs`
--
ALTER TABLE `pma__table_uiprefs`
  ADD PRIMARY KEY (`username`,`db_name`,`table_name`);

--
-- 테이블의 인덱스 `pma__tracking`
--
ALTER TABLE `pma__tracking`
  ADD PRIMARY KEY (`db_name`,`table_name`,`version`);

--
-- 테이블의 인덱스 `pma__userconfig`
--
ALTER TABLE `pma__userconfig`
  ADD PRIMARY KEY (`username`);

--
-- 테이블의 인덱스 `pma__usergroups`
--
ALTER TABLE `pma__usergroups`
  ADD PRIMARY KEY (`usergroup`,`tab`,`allowed`);

--
-- 테이블의 인덱스 `pma__users`
--
ALTER TABLE `pma__users`
  ADD PRIMARY KEY (`username`,`usergroup`);

--
-- 덤프된 테이블의 AUTO_INCREMENT
--

--
-- 테이블의 AUTO_INCREMENT `pma__bookmark`
--
ALTER TABLE `pma__bookmark`
  MODIFY `id` int(11) NOT NULL AUTO_INCREMENT;
--
-- 테이블의 AUTO_INCREMENT `pma__column_info`
--
ALTER TABLE `pma__column_info`
  MODIFY `id` int(5) UNSIGNED NOT NULL AUTO_INCREMENT;
--
-- 테이블의 AUTO_INCREMENT `pma__export_templates`
--
ALTER TABLE `pma__export_templates`
  MODIFY `id` int(5) UNSIGNED NOT NULL AUTO_INCREMENT, AUTO_INCREMENT=4;
--
-- 테이블의 AUTO_INCREMENT `pma__history`
--
ALTER TABLE `pma__history`
  MODIFY `id` bigint(20) UNSIGNED NOT NULL AUTO_INCREMENT;
--
-- 테이블의 AUTO_INCREMENT `pma__pdf_pages`
--
ALTER TABLE `pma__pdf_pages`
  MODIFY `page_nr` int(10) UNSIGNED NOT NULL AUTO_INCREMENT;
--
-- 테이블의 AUTO_INCREMENT `pma__savedsearches`
--
ALTER TABLE `pma__savedsearches`
  MODIFY `id` int(5) UNSIGNED NOT NULL AUTO_INCREMENT;
/*!40101 SET CHARACTER_SET_CLIENT=@OLD_CHARACTER_SET_CLIENT */;
/*!40101 SET CHARACTER_SET_RESULTS=@OLD_CHARACTER_SET_RESULTS */;
/*!40101 SET COLLATION_CONNECTION=@OLD_COLLATION_CONNECTION */;
